model,zone,resource_name,planning_year,case,value
GenX,BASN,BASN_onshore_wind_turbine_1,2030,debug_full_scenarios_wacc_5_no_ramp_cap/results_noCap_greg,0.3974692243154387
GenX,BASN,BASN_solar_photovoltaic_1,2030,debug_full_scenarios_wacc_5_no_ramp_cap/results_noCap_greg,0.1707204954793997
GenX,BASN,BASN_distributed_generation_1,2030,debug_full_scenarios_wacc_5_no_ramp_cap/results_noCap_greg,0.2026097176187629
GenX,BASN,BASN_landbasedwind_class3_moderate_1,2030,debug_full_scenarios_wacc_5_no_ramp_cap/results_noCap_greg,0.7995020836359037
GenX,BASN,BASN_landbasedwind_class3_moderate_2,2030,debug_full_scenarios_wacc_5_no_ramp_cap/results_noCap_greg,0.5048208640796851
GenX,BASN,BASN_utilitypv_class1_moderate_1,2030,debug_full_scenarios_wacc_5_no_ramp_cap/results_noCap_greg,0.3093059207914982
GenX,BASN,BASN_utilitypv_class1_moderate_2,2030,debug_full_scenarios_wacc_5_no_ramp_cap/results_noCap_greg,0.2345898342466119
GenX,CANO,CANO_onshore_wind_turbine_1,2030,debug_full_scenarios_wacc_5_no_ramp_cap/results_noCap_greg,0.531617016781251
GenX,CANO,CANO_solar_photovoltaic_1,2030,debug_full_scenarios_wacc_5_no_ramp_cap/results_noCap_greg,0.2364677719284176
GenX,CANO,CANO_distributed_generation_1,2030,debug_full_scenarios_wacc_5_no_ramp_cap/results_noCap_greg,0.2627714667033246
GenX,CANO,CANO_landbasedwind_class3_moderate_1,2030,debug_full_scenarios_wacc_5_no_ramp_cap/results_noCap_greg,0.4782613444276326
GenX,CANO,CANO_landbasedwind_class3_moderate_2,2030,debug_full_scenarios_wacc_5_no_ramp_cap/results_noCap_greg,0.4152075322267877
GenX,CANO,CANO_utilitypv_class1_moderate_1,2030,debug_full_scenarios_wacc_5_no_ramp_cap/results_noCap_greg,0.4031347942470544
GenX,CANO,CANO_utilitypv_class1_moderate_2,2030,debug_full_scenarios_wacc_5_no_ramp_cap/results_noCap_greg,0.2980995674216296
GenX,CANO,CANO_offshorewind_class12_moderate_floating_1_1,2030,debug_full_scenarios_wacc_5_no_ramp_cap/results_noCap_greg,0.2257020877452874
GenX,CANO,CANO_offshorewind_class12_moderate_floating_1_2,2030,debug_full_scenarios_wacc_5_no_ramp_cap/results_noCap_greg,0.2123840558373048
GenX,CANO,CANO_offshorewind_class12_moderate_floating_0_1,2030,debug_full_scenarios_wacc_5_no_ramp_cap/results_noCap_greg,0.2592299870529103
GenX,CANO,CANO_offshorewind_class12_moderate_floating_0_2,2030,debug_full_scenarios_wacc_5_no_ramp_cap/results_noCap_greg,0.2248511420778743
GenX,CASO,CASO_onshore_wind_turbine_1,2030,debug_full_scenarios_wacc_5_no_ramp_cap/results_noCap_greg,0.4506491008483583
GenX,CASO,CASO_solar_photovoltaic_1,2030,debug_full_scenarios_wacc_5_no_ramp_cap/results_noCap_greg,0.2289106976007902
GenX,CASO,CASO_distributed_generation_1,2030,debug_full_scenarios_wacc_5_no_ramp_cap/results_noCap_greg,0.2115006510625579
GenX,CASO,CASO_landbasedwind_class3_moderate_1,2030,debug_full_scenarios_wacc_5_no_ramp_cap/results_noCap_greg,0.6320579400379271
GenX,CASO,CASO_landbasedwind_class3_moderate_2,2030,debug_full_scenarios_wacc_5_no_ramp_cap/results_noCap_greg,0.4633229691022949
GenX,CASO,CASO_utilitypv_class1_moderate_1,2030,debug_full_scenarios_wacc_5_no_ramp_cap/results_noCap_greg,0.600901008238959
GenX,CASO,CASO_utilitypv_class1_moderate_2,2030,debug_full_scenarios_wacc_5_no_ramp_cap/results_noCap_greg,0.4369453997808996
GenX,CASO,CASO_offshorewind_class12_moderate_floating_1_1,2030,debug_full_scenarios_wacc_5_no_ramp_cap/results_noCap_greg,0.252679443670085
GenX,CASO,CASO_offshorewind_class12_moderate_floating_1_2,2030,debug_full_scenarios_wacc_5_no_ramp_cap/results_noCap_greg,0.2462641721769244
GenX,CASO,CASO_offshorewind_class12_moderate_floating_0_1,2030,debug_full_scenarios_wacc_5_no_ramp_cap/results_noCap_greg,0.2903665569791752
GenX,CASO,CASO_offshorewind_class12_moderate_floating_0_2,2030,debug_full_scenarios_wacc_5_no_ramp_cap/results_noCap_greg,0.2795608725904346
GenX,FRCC,FRCC_solar_photovoltaic_1,2030,debug_full_scenarios_wacc_5_no_ramp_cap/results_noCap_greg,0.3913417511969916
GenX,FRCC,FRCC_distributed_generation_1,2030,debug_full_scenarios_wacc_5_no_ramp_cap/results_noCap_greg,0.441864416537323
GenX,FRCC,FRCC_landbasedwind_class3_moderate_1,2030,debug_full_scenarios_wacc_5_no_ramp_cap/results_noCap_greg,0.689310911026353
GenX,FRCC,FRCC_landbasedwind_class3_moderate_2,2030,debug_full_scenarios_wacc_5_no_ramp_cap/results_noCap_greg,0.6300332567100424
GenX,FRCC,FRCC_utilitypv_class1_moderate_1,2030,debug_full_scenarios_wacc_5_no_ramp_cap/results_noCap_greg,0.4333700119872597
GenX,FRCC,FRCC_utilitypv_class1_moderate_2,2030,debug_full_scenarios_wacc_5_no_ramp_cap/results_noCap_greg,0.3737592257469598
GenX,FRCC,FRCC_offshorewind_class3_moderate_fixed_0_1,2030,debug_full_scenarios_wacc_5_no_ramp_cap/results_noCap_greg,0.2627473061505918
GenX,FRCC,FRCC_offshorewind_class3_moderate_fixed_0_2,2030,debug_full_scenarios_wacc_5_no_ramp_cap/results_noCap_greg,0.239094119415284
GenX,FRCC,FRCC_offshorewind_class12_moderate_floating_0_1,2030,debug_full_scenarios_wacc_5_no_ramp_cap/results_noCap_greg,0.1617616462320671
GenX,FRCC,FRCC_offshorewind_class12_moderate_floating_0_2,2030,debug_full_scenarios_wacc_5_no_ramp_cap/results_noCap_greg,0.1548264784534658
GenX,ISNE,ISNE_offshore_wind_turbine_1,2030,debug_full_scenarios_wacc_5_no_ramp_cap/results_noCap_greg,0.3893004815005013
GenX,ISNE,ISNE_onshore_wind_turbine_1,2030,debug_full_scenarios_wacc_5_no_ramp_cap/results_noCap_greg,0.3539381354064645
GenX,ISNE,ISNE_solar_photovoltaic_1,2030,debug_full_scenarios_wacc_5_no_ramp_cap/results_noCap_greg,0.1784227416054442
GenX,ISNE,ISNE_distributed_generation_1,2030,debug_full_scenarios_wacc_5_no_ramp_cap/results_noCap_greg,0.1953435748758315
GenX,ISNE,ISNE_landbasedwind_class3_moderate_1,2030,debug_full_scenarios_wacc_5_no_ramp_cap/results_noCap_greg,0.7236731349354447
GenX,ISNE,ISNE_landbasedwind_class3_moderate_2,2030,debug_full_scenarios_wacc_5_no_ramp_cap/results_noCap_greg,0.5410131715922499
GenX,ISNE,ISNE_utilitypv_class1_moderate_1,2030,debug_full_scenarios_wacc_5_no_ramp_cap/results_noCap_greg,0.3531797214632778
GenX,ISNE,ISNE_utilitypv_class1_moderate_2,2030,debug_full_scenarios_wacc_5_no_ramp_cap/results_noCap_greg,0.287980531098635
GenX,ISNE,ISNE_offshorewind_class3_moderate_fixed_1_1,2030,debug_full_scenarios_wacc_5_no_ramp_cap/results_noCap_greg,0.3591416648432591
GenX,ISNE,ISNE_offshorewind_class3_moderate_fixed_1_2,2030,debug_full_scenarios_wacc_5_no_ramp_cap/results_noCap_greg,0.360717410345079
GenX,ISNE,ISNE_offshorewind_class3_moderate_fixed_0_1,2030,debug_full_scenarios_wacc_5_no_ramp_cap/results_noCap_greg,0.4286122347822791
GenX,ISNE,ISNE_offshorewind_class3_moderate_fixed_0_2,2030,debug_full_scenarios_wacc_5_no_ramp_cap/results_noCap_greg,0.4272015087492564
GenX,ISNE,ISNE_offshorewind_class12_moderate_floating_1_1,2030,debug_full_scenarios_wacc_5_no_ramp_cap/results_noCap_greg,0.3253591296750693
GenX,ISNE,ISNE_offshorewind_class12_moderate_floating_1_2,2030,debug_full_scenarios_wacc_5_no_ramp_cap/results_noCap_greg,0.3175652836224094
GenX,ISNE,ISNE_offshorewind_class12_moderate_floating_0_1,2030,debug_full_scenarios_wacc_5_no_ramp_cap/results_noCap_greg,0.3456021671001727
GenX,ISNE,ISNE_offshorewind_class12_moderate_floating_0_2,2030,debug_full_scenarios_wacc_5_no_ramp_cap/results_noCap_greg,0.341989812792898
GenX,MISC,MISC_onshore_wind_turbine_1,2030,debug_full_scenarios_wacc_5_no_ramp_cap/results_noCap_greg,0.7522198141001105
GenX,MISC,MISC_solar_photovoltaic_1,2030,debug_full_scenarios_wacc_5_no_ramp_cap/results_noCap_greg,0.2629194176167965
GenX,MISC,MISC_distributed_generation_1,2030,debug_full_scenarios_wacc_5_no_ramp_cap/results_noCap_greg,0.2963865790624715
GenX,MISC,MISC_landbasedwind_class3_moderate_1,2030,debug_full_scenarios_wacc_5_no_ramp_cap/results_noCap_greg,1.159405937771844
GenX,MISC,MISC_landbasedwind_class3_moderate_2,2030,debug_full_scenarios_wacc_5_no_ramp_cap/results_noCap_greg,0.974932187282014
GenX,MISC,MISC_utilitypv_class1_moderate_1,2030,debug_full_scenarios_wacc_5_no_ramp_cap/results_noCap_greg,0.3614896869619965
GenX,MISC,MISC_utilitypv_class1_moderate_2,2030,debug_full_scenarios_wacc_5_no_ramp_cap/results_noCap_greg,0.3056437450089293
GenX,MISE,MISE_onshore_wind_turbine_1,2030,debug_full_scenarios_wacc_5_no_ramp_cap/results_noCap_greg,0.6319794404842741
GenX,MISE,MISE_solar_photovoltaic_1,2030,debug_full_scenarios_wacc_5_no_ramp_cap/results_noCap_greg,0.2307470702848206
GenX,MISE,MISE_distributed_generation_1,2030,debug_full_scenarios_wacc_5_no_ramp_cap/results_noCap_greg,0.2404634747197919
GenX,MISE,MISE_landbasedwind_class3_moderate_1,2030,debug_full_scenarios_wacc_5_no_ramp_cap/results_noCap_greg,0.8416060089147044
GenX,MISE,MISE_landbasedwind_class3_moderate_2,2030,debug_full_scenarios_wacc_5_no_ramp_cap/results_noCap_greg,0.667244142172202
GenX,MISE,MISE_utilitypv_class1_moderate_1,2030,debug_full_scenarios_wacc_5_no_ramp_cap/results_noCap_greg,0.4640970988044236
GenX,MISE,MISE_utilitypv_class1_moderate_2,2030,debug_full_scenarios_wacc_5_no_ramp_cap/results_noCap_greg,0.3782648479932134
GenX,MISS,MISS_onshore_wind_turbine_1,2030,debug_full_scenarios_wacc_5_no_ramp_cap/results_noCap_greg,0.5636659341144434
GenX,MISS,MISS_solar_photovoltaic_1,2030,debug_full_scenarios_wacc_5_no_ramp_cap/results_noCap_greg,0.2290610761914767
GenX,MISS,MISS_distributed_generation_1,2030,debug_full_scenarios_wacc_5_no_ramp_cap/results_noCap_greg,0.285289115492268
GenX,MISS,MISS_landbasedwind_class3_moderate_1,2030,debug_full_scenarios_wacc_5_no_ramp_cap/results_noCap_greg,0.8518549691797438
GenX,MISS,MISS_landbasedwind_class3_moderate_2,2030,debug_full_scenarios_wacc_5_no_ramp_cap/results_noCap_greg,0.6318196331106665
GenX,MISS,MISS_utilitypv_class1_moderate_1,2030,debug_full_scenarios_wacc_5_no_ramp_cap/results_noCap_greg,0.3898918579363593
GenX,MISS,MISS_utilitypv_class1_moderate_2,2030,debug_full_scenarios_wacc_5_no_ramp_cap/results_noCap_greg,0.3294599167500616
GenX,MISS,MISS_offshorewind_class3_moderate_fixed_0_1,2030,debug_full_scenarios_wacc_5_no_ramp_cap/results_noCap_greg,0.2972332495413271
GenX,MISS,MISS_offshorewind_class3_moderate_fixed_0_2,2030,debug_full_scenarios_wacc_5_no_ramp_cap/results_noCap_greg,0.2821855400245004
GenX,MISW,MISW_onshore_wind_turbine_1,2030,debug_full_scenarios_wacc_5_no_ramp_cap/results_noCap_greg,0.999875900051156
GenX,MISW,MISW_solar_photovoltaic_1,2030,debug_full_scenarios_wacc_5_no_ramp_cap/results_noCap_greg,0.3209494014276264
GenX,MISW,MISW_distributed_generation_1,2030,debug_full_scenarios_wacc_5_no_ramp_cap/results_noCap_greg,0.349486713225748
GenX,MISW,MISW_landbasedwind_class3_moderate_1,2030,debug_full_scenarios_wacc_5_no_ramp_cap/results_noCap_greg,1.1076501270366417
GenX,MISW,MISW_landbasedwind_class3_moderate_2,2030,debug_full_scenarios_wacc_5_no_ramp_cap/results_noCap_greg,0.8863733991750068
GenX,MISW,MISW_utilitypv_class1_moderate_1,2030,debug_full_scenarios_wacc_5_no_ramp_cap/results_noCap_greg,0.2957937398517235
GenX,MISW,MISW_utilitypv_class1_moderate_2,2030,debug_full_scenarios_wacc_5_no_ramp_cap/results_noCap_greg,0.2392092343809889
GenX,NWPP,NWPP_onshore_wind_turbine_1,2030,debug_full_scenarios_wacc_5_no_ramp_cap/results_noCap_greg,0.398677911094436
GenX,NWPP,NWPP_solar_photovoltaic_1,2030,debug_full_scenarios_wacc_5_no_ramp_cap/results_noCap_greg,0.1807150376851871
GenX,NWPP,NWPP_distributed_generation_1,2030,debug_full_scenarios_wacc_5_no_ramp_cap/results_noCap_greg,0.1848145275717468
GenX,NWPP,NWPP_landbasedwind_class3_moderate_1,2030,debug_full_scenarios_wacc_5_no_ramp_cap/results_noCap_greg,0.8272849193081483
GenX,NWPP,NWPP_landbasedwind_class3_moderate_2,2030,debug_full_scenarios_wacc_5_no_ramp_cap/results_noCap_greg,0.5933978952026722
GenX,NWPP,NWPP_utilitypv_class1_moderate_1,2030,debug_full_scenarios_wacc_5_no_ramp_cap/results_noCap_greg,0.3027579935459102
GenX,NWPP,NWPP_utilitypv_class1_moderate_2,2030,debug_full_scenarios_wacc_5_no_ramp_cap/results_noCap_greg,0.2443260162977309
GenX,NWPP,NWPP_offshorewind_class12_moderate_floating_1_1,2030,debug_full_scenarios_wacc_5_no_ramp_cap/results_noCap_greg,0.269593734614813
GenX,NWPP,NWPP_offshorewind_class12_moderate_floating_1_2,2030,debug_full_scenarios_wacc_5_no_ramp_cap/results_noCap_greg,0.2667370847728718
GenX,NWPP,NWPP_offshorewind_class12_moderate_floating_0_1,2030,debug_full_scenarios_wacc_5_no_ramp_cap/results_noCap_greg,0.2919576671165992
GenX,NWPP,NWPP_offshorewind_class12_moderate_floating_0_2,2030,debug_full_scenarios_wacc_5_no_ramp_cap/results_noCap_greg,0.2864912733243041
GenX,NYCW,NYCW_solar_photovoltaic_1,2030,debug_full_scenarios_wacc_5_no_ramp_cap/results_noCap_greg,0.2486565284991449
GenX,NYCW,NYCW_distributed_generation_1,2030,debug_full_scenarios_wacc_5_no_ramp_cap/results_noCap_greg,0.3359727546253604
GenX,NYCW,NYCW_utilitypv_class1_moderate_1,2030,debug_full_scenarios_wacc_5_no_ramp_cap/results_noCap_greg,0.1363910114147622
GenX,NYCW,NYCW_offshorewind_class3_moderate_fixed_1_1,2030,debug_full_scenarios_wacc_5_no_ramp_cap/results_noCap_greg,0.3627101940902348
GenX,NYCW,NYCW_offshorewind_class3_moderate_fixed_1_2,2030,debug_full_scenarios_wacc_5_no_ramp_cap/results_noCap_greg,0.3599080196923991
GenX,NYCW,NYCW_offshorewind_class3_moderate_fixed_0_1,2030,debug_full_scenarios_wacc_5_no_ramp_cap/results_noCap_greg,0.3305360016805504
GenX,NYCW,NYCW_offshorewind_class3_moderate_fixed_0_2,2030,debug_full_scenarios_wacc_5_no_ramp_cap/results_noCap_greg,0.3214534289381717
GenX,NYCW,NYCW_offshorewind_class12_moderate_floating_1_1,2030,debug_full_scenarios_wacc_5_no_ramp_cap/results_noCap_greg,0.2516555294140574
GenX,NYCW,NYCW_offshorewind_class12_moderate_floating_1_2,2030,debug_full_scenarios_wacc_5_no_ramp_cap/results_noCap_greg,0.2523548839551138
GenX,NYCW,NYCW_offshorewind_class12_moderate_floating_0_1,2030,debug_full_scenarios_wacc_5_no_ramp_cap/results_noCap_greg,0.2822284658568426
GenX,NYCW,NYCW_offshorewind_class12_moderate_floating_0_2,2030,debug_full_scenarios_wacc_5_no_ramp_cap/results_noCap_greg,0.2827936735876702
GenX,NYUP,NYUP_onshore_wind_turbine_1,2030,debug_full_scenarios_wacc_5_no_ramp_cap/results_noCap_greg,0.7470459522306971
GenX,NYUP,NYUP_solar_photovoltaic_1,2030,debug_full_scenarios_wacc_5_no_ramp_cap/results_noCap_greg,0.2508800434442244
GenX,NYUP,NYUP_distributed_generation_1,2030,debug_full_scenarios_wacc_5_no_ramp_cap/results_noCap_greg,0.2695893383490663
GenX,NYUP,NYUP_landbasedwind_class3_moderate_1,2030,debug_full_scenarios_wacc_5_no_ramp_cap/results_noCap_greg,0.8191050524917206
GenX,NYUP,NYUP_landbasedwind_class3_moderate_2,2030,debug_full_scenarios_wacc_5_no_ramp_cap/results_noCap_greg,0.5365674695214081
GenX,NYUP,NYUP_utilitypv_class1_moderate_1,2030,debug_full_scenarios_wacc_5_no_ramp_cap/results_noCap_greg,0.4078829055053977
GenX,NYUP,NYUP_utilitypv_class1_moderate_2,2030,debug_full_scenarios_wacc_5_no_ramp_cap/results_noCap_greg,0.3404573667572975
GenX,PJMC,PJMC_onshore_wind_turbine_1,2030,debug_full_scenarios_wacc_5_no_ramp_cap/results_noCap_greg,0.6845626971405012
GenX,PJMC,PJMC_solar_photovoltaic_1,2030,debug_full_scenarios_wacc_5_no_ramp_cap/results_noCap_greg,0.2516508589879039
GenX,PJMC,PJMC_distributed_generation_1,2030,debug_full_scenarios_wacc_5_no_ramp_cap/results_noCap_greg,0.2528879918861214
GenX,PJMC,PJMC_landbasedwind_class3_moderate_1,2030,debug_full_scenarios_wacc_5_no_ramp_cap/results_noCap_greg,0.8646806032727569
GenX,PJMC,PJMC_landbasedwind_class3_moderate_2,2030,debug_full_scenarios_wacc_5_no_ramp_cap/results_noCap_greg,0.8091921538240671
GenX,PJMC,PJMC_utilitypv_class1_moderate_1,2030,debug_full_scenarios_wacc_5_no_ramp_cap/results_noCap_greg,0.4229782430797053
GenX,PJMC,PJMC_utilitypv_class1_moderate_2,2030,debug_full_scenarios_wacc_5_no_ramp_cap/results_noCap_greg,0.3921237333297826
GenX,PJMD,PJMD_onshore_wind_turbine_1,2030,debug_full_scenarios_wacc_5_no_ramp_cap/results_noCap_greg,0.3938774898597208
GenX,PJMD,PJMD_solar_photovoltaic_1,2030,debug_full_scenarios_wacc_5_no_ramp_cap/results_noCap_greg,0.2820382066826103
GenX,PJMD,PJMD_distributed_generation_1,2030,debug_full_scenarios_wacc_5_no_ramp_cap/results_noCap_greg,0.2743986258019362
GenX,PJMD,PJMD_landbasedwind_class3_moderate_1,2030,debug_full_scenarios_wacc_5_no_ramp_cap/results_noCap_greg,0.8144844778045268
GenX,PJMD,PJMD_landbasedwind_class3_moderate_2,2030,debug_full_scenarios_wacc_5_no_ramp_cap/results_noCap_greg,0.5905298572358488
GenX,PJMD,PJMD_utilitypv_class1_moderate_1,2030,debug_full_scenarios_wacc_5_no_ramp_cap/results_noCap_greg,0.484785358004455
GenX,PJMD,PJMD_utilitypv_class1_moderate_2,2030,debug_full_scenarios_wacc_5_no_ramp_cap/results_noCap_greg,0.4116087958596944
GenX,PJMD,PJMD_offshorewind_class3_moderate_fixed_1_1,2030,debug_full_scenarios_wacc_5_no_ramp_cap/results_noCap_greg,0.3359876777942542
GenX,PJMD,PJMD_offshorewind_class3_moderate_fixed_1_2,2030,debug_full_scenarios_wacc_5_no_ramp_cap/results_noCap_greg,0.3297439988087893
GenX,PJMD,PJMD_offshorewind_class3_moderate_fixed_0_1,2030,debug_full_scenarios_wacc_5_no_ramp_cap/results_noCap_greg,0.3199187052889692
GenX,PJMD,PJMD_offshorewind_class3_moderate_fixed_0_2,2030,debug_full_scenarios_wacc_5_no_ramp_cap/results_noCap_greg,0.3418880804747737
GenX,PJMD,PJMD_offshorewind_class12_moderate_floating_0_1,2030,debug_full_scenarios_wacc_5_no_ramp_cap/results_noCap_greg,0.2464743680254638
GenX,PJMD,PJMD_offshorewind_class12_moderate_floating_0_2,2030,debug_full_scenarios_wacc_5_no_ramp_cap/results_noCap_greg,0.2572570190327752
GenX,PJME,PJME_onshore_wind_turbine_1,2030,debug_full_scenarios_wacc_5_no_ramp_cap/results_noCap_greg,0.6726838581553367
GenX,PJME,PJME_solar_photovoltaic_1,2030,debug_full_scenarios_wacc_5_no_ramp_cap/results_noCap_greg,0.264499349727036
GenX,PJME,PJME_distributed_generation_1,2030,debug_full_scenarios_wacc_5_no_ramp_cap/results_noCap_greg,0.3142700807126069
GenX,PJME,PJME_landbasedwind_class3_moderate_1,2030,debug_full_scenarios_wacc_5_no_ramp_cap/results_noCap_greg,0.9254922921887472
GenX,PJME,PJME_landbasedwind_class3_moderate_2,2030,debug_full_scenarios_wacc_5_no_ramp_cap/results_noCap_greg,0.6799283764100187
GenX,PJME,PJME_utilitypv_class1_moderate_1,2030,debug_full_scenarios_wacc_5_no_ramp_cap/results_noCap_greg,0.4399836231131643
GenX,PJME,PJME_utilitypv_class1_moderate_2,2030,debug_full_scenarios_wacc_5_no_ramp_cap/results_noCap_greg,0.3637207197211236
GenX,PJME,PJME_offshorewind_class3_moderate_fixed_1_1,2030,debug_full_scenarios_wacc_5_no_ramp_cap/results_noCap_greg,0.3695374972682664
GenX,PJME,PJME_offshorewind_class3_moderate_fixed_1_2,2030,debug_full_scenarios_wacc_5_no_ramp_cap/results_noCap_greg,0.3584614730275584
GenX,PJME,PJME_offshorewind_class3_moderate_fixed_0_1,2030,debug_full_scenarios_wacc_5_no_ramp_cap/results_noCap_greg,0.3464470338516778
GenX,PJME,PJME_offshorewind_class3_moderate_fixed_0_2,2030,debug_full_scenarios_wacc_5_no_ramp_cap/results_noCap_greg,0.336232891272346
GenX,PJME,PJME_offshorewind_class12_moderate_floating_1_1,2030,debug_full_scenarios_wacc_5_no_ramp_cap/results_noCap_greg,0.2468074766033602
GenX,PJME,PJME_offshorewind_class12_moderate_floating_1_2,2030,debug_full_scenarios_wacc_5_no_ramp_cap/results_noCap_greg,0.2528613823383688
GenX,PJME,PJME_offshorewind_class12_moderate_floating_0_1,2030,debug_full_scenarios_wacc_5_no_ramp_cap/results_noCap_greg,0.299161176243972
GenX,PJME,PJME_offshorewind_class12_moderate_floating_0_2,2030,debug_full_scenarios_wacc_5_no_ramp_cap/results_noCap_greg,0.2916075858882516
GenX,PJMW,PJMW_onshore_wind_turbine_1,2030,debug_full_scenarios_wacc_5_no_ramp_cap/results_noCap_greg,0.7922199967523511
GenX,PJMW,PJMW_solar_photovoltaic_1,2030,debug_full_scenarios_wacc_5_no_ramp_cap/results_noCap_greg,0.2798132942161049
GenX,PJMW,PJMW_distributed_generation_1,2030,debug_full_scenarios_wacc_5_no_ramp_cap/results_noCap_greg,0.2856282839595161
GenX,PJMW,PJMW_landbasedwind_class3_moderate_1,2030,debug_full_scenarios_wacc_5_no_ramp_cap/results_noCap_greg,1.0812401362327169
GenX,PJMW,PJMW_landbasedwind_class3_moderate_2,2030,debug_full_scenarios_wacc_5_no_ramp_cap/results_noCap_greg,0.7570288107021627
GenX,PJMW,PJMW_utilitypv_class1_moderate_1,2030,debug_full_scenarios_wacc_5_no_ramp_cap/results_noCap_greg,0.4258351380098777
GenX,PJMW,PJMW_utilitypv_class1_moderate_2,2030,debug_full_scenarios_wacc_5_no_ramp_cap/results_noCap_greg,0.4075356637076217
GenX,RMRG,RMRG_onshore_wind_turbine_1,2030,debug_full_scenarios_wacc_5_no_ramp_cap/results_noCap_greg,0.8359175164261434
GenX,RMRG,RMRG_solar_photovoltaic_1,2030,debug_full_scenarios_wacc_5_no_ramp_cap/results_noCap_greg,0.2567159141052457
GenX,RMRG,RMRG_distributed_generation_1,2030,debug_full_scenarios_wacc_5_no_ramp_cap/results_noCap_greg,0.269644928292363
GenX,RMRG,RMRG_landbasedwind_class3_moderate_1,2030,debug_full_scenarios_wacc_5_no_ramp_cap/results_noCap_greg,0.951384683522335
GenX,RMRG,RMRG_landbasedwind_class3_moderate_2,2030,debug_full_scenarios_wacc_5_no_ramp_cap/results_noCap_greg,0.7107726481293596
GenX,RMRG,RMRG_utilitypv_class1_moderate_1,2030,debug_full_scenarios_wacc_5_no_ramp_cap/results_noCap_greg,0.3094471444604049
GenX,RMRG,RMRG_utilitypv_class1_moderate_2,2030,debug_full_scenarios_wacc_5_no_ramp_cap/results_noCap_greg,0.2360165156307095
GenX,SPPC,SPPC_onshore_wind_turbine_1,2030,debug_full_scenarios_wacc_5_no_ramp_cap/results_noCap_greg,0.8445233852841654
GenX,SPPC,SPPC_solar_photovoltaic_1,2030,debug_full_scenarios_wacc_5_no_ramp_cap/results_noCap_greg,0.266589430770079
GenX,SPPC,SPPC_distributed_generation_1,2030,debug_full_scenarios_wacc_5_no_ramp_cap/results_noCap_greg,0.2824625523702104
GenX,SPPC,SPPC_landbasedwind_class3_moderate_1,2030,debug_full_scenarios_wacc_5_no_ramp_cap/results_noCap_greg,1.3076764685175362
GenX,SPPC,SPPC_landbasedwind_class3_moderate_2,2030,debug_full_scenarios_wacc_5_no_ramp_cap/results_noCap_greg,1.1021327888539052
GenX,SPPC,SPPC_utilitypv_class1_moderate_1,2030,debug_full_scenarios_wacc_5_no_ramp_cap/results_noCap_greg,0.3524043243198749
GenX,SPPC,SPPC_utilitypv_class1_moderate_2,2030,debug_full_scenarios_wacc_5_no_ramp_cap/results_noCap_greg,0.2949267106201426
GenX,SPPN,SPPN_onshore_wind_turbine_1,2030,debug_full_scenarios_wacc_5_no_ramp_cap/results_noCap_greg,0.8560585436956941
GenX,SPPN,SPPN_solar_photovoltaic_1,2030,debug_full_scenarios_wacc_5_no_ramp_cap/results_noCap_greg,0.2636970940186364
GenX,SPPN,SPPN_distributed_generation_1,2030,debug_full_scenarios_wacc_5_no_ramp_cap/results_noCap_greg,0.3165985775319005
GenX,SPPN,SPPN_landbasedwind_class3_moderate_1,2030,debug_full_scenarios_wacc_5_no_ramp_cap/results_noCap_greg,1.2596624780572565
GenX,SPPN,SPPN_landbasedwind_class3_moderate_2,2030,debug_full_scenarios_wacc_5_no_ramp_cap/results_noCap_greg,0.9104528746230172
GenX,SPPN,SPPN_utilitypv_class1_moderate_1,2030,debug_full_scenarios_wacc_5_no_ramp_cap/results_noCap_greg,0.3276179750474157
GenX,SPPN,SPPN_utilitypv_class1_moderate_2,2030,debug_full_scenarios_wacc_5_no_ramp_cap/results_noCap_greg,0.2560237035898603
GenX,SPPS,SPPS_onshore_wind_turbine_1,2030,debug_full_scenarios_wacc_5_no_ramp_cap/results_noCap_greg,0.9821341400339524
GenX,SPPS,SPPS_solar_photovoltaic_1,2030,debug_full_scenarios_wacc_5_no_ramp_cap/results_noCap_greg,0.2996937149789043
GenX,SPPS,SPPS_distributed_generation_1,2030,debug_full_scenarios_wacc_5_no_ramp_cap/results_noCap_greg,0.3787135869893682
GenX,SPPS,SPPS_landbasedwind_class3_moderate_1,2030,debug_full_scenarios_wacc_5_no_ramp_cap/results_noCap_greg,1.4999374864075008
GenX,SPPS,SPPS_landbasedwind_class3_moderate_2,2030,debug_full_scenarios_wacc_5_no_ramp_cap/results_noCap_greg,1.1693283502915242
GenX,SPPS,SPPS_utilitypv_class1_moderate_1,2030,debug_full_scenarios_wacc_5_no_ramp_cap/results_noCap_greg,0.3480144415561827
GenX,SPPS,SPPS_utilitypv_class1_moderate_2,2030,debug_full_scenarios_wacc_5_no_ramp_cap/results_noCap_greg,0.3045480993115898
GenX,SRCA,SRCA_solar_photovoltaic_1,2030,debug_full_scenarios_wacc_5_no_ramp_cap/results_noCap_greg,0.4328496029248965
GenX,SRCA,SRCA_distributed_generation_1,2030,debug_full_scenarios_wacc_5_no_ramp_cap/results_noCap_greg,0.4488881861845688
GenX,SRCA,SRCA_landbasedwind_class3_moderate_1,2030,debug_full_scenarios_wacc_5_no_ramp_cap/results_noCap_greg,0.7269551704105489
GenX,SRCA,SRCA_landbasedwind_class3_moderate_2,2030,debug_full_scenarios_wacc_5_no_ramp_cap/results_noCap_greg,0.5475342779916115
GenX,SRCA,SRCA_utilitypv_class1_moderate_1,2030,debug_full_scenarios_wacc_5_no_ramp_cap/results_noCap_greg,0.456507292506725
GenX,SRCA,SRCA_utilitypv_class1_moderate_2,2030,debug_full_scenarios_wacc_5_no_ramp_cap/results_noCap_greg,0.3724044050761932
GenX,SRCA,SRCA_offshorewind_class3_moderate_fixed_1_1,2030,debug_full_scenarios_wacc_5_no_ramp_cap/results_noCap_greg,0.2550337141590923
GenX,SRCA,SRCA_offshorewind_class3_moderate_fixed_1_2,2030,debug_full_scenarios_wacc_5_no_ramp_cap/results_noCap_greg,0.2499686563892795
GenX,SRCA,SRCA_offshorewind_class3_moderate_fixed_0_1,2030,debug_full_scenarios_wacc_5_no_ramp_cap/results_noCap_greg,0.2947848238690955
GenX,SRCA,SRCA_offshorewind_class3_moderate_fixed_0_2,2030,debug_full_scenarios_wacc_5_no_ramp_cap/results_noCap_greg,0.2837407423109401
GenX,SRCA,SRCA_offshorewind_class12_moderate_floating_0_1,2030,debug_full_scenarios_wacc_5_no_ramp_cap/results_noCap_greg,0.2264809486534238
GenX,SRCA,SRCA_offshorewind_class12_moderate_floating_0_2,2030,debug_full_scenarios_wacc_5_no_ramp_cap/results_noCap_greg,0.2360990981343221
GenX,SRCE,SRCE_onshore_wind_turbine_1,2030,debug_full_scenarios_wacc_5_no_ramp_cap/results_noCap_greg,0.2996019534382087
GenX,SRCE,SRCE_solar_photovoltaic_1,2030,debug_full_scenarios_wacc_5_no_ramp_cap/results_noCap_greg,0.2702108710402138
GenX,SRCE,SRCE_distributed_generation_1,2030,debug_full_scenarios_wacc_5_no_ramp_cap/results_noCap_greg,0.2615146392158751
GenX,SRCE,SRCE_landbasedwind_class3_moderate_1,2030,debug_full_scenarios_wacc_5_no_ramp_cap/results_noCap_greg,1.0208419937023574
GenX,SRCE,SRCE_landbasedwind_class3_moderate_2,2030,debug_full_scenarios_wacc_5_no_ramp_cap/results_noCap_greg,0.7627335161093819
GenX,SRCE,SRCE_utilitypv_class1_moderate_1,2030,debug_full_scenarios_wacc_5_no_ramp_cap/results_noCap_greg,0.3150888522753574
GenX,SRCE,SRCE_utilitypv_class1_moderate_2,2030,debug_full_scenarios_wacc_5_no_ramp_cap/results_noCap_greg,0.2624580132726956
GenX,SRSE,SRSE_solar_photovoltaic_1,2030,debug_full_scenarios_wacc_5_no_ramp_cap/results_noCap_greg,0.417336910299779
GenX,SRSE,SRSE_distributed_generation_1,2030,debug_full_scenarios_wacc_5_no_ramp_cap/results_noCap_greg,0.3503815642393216
GenX,SRSE,SRSE_landbasedwind_class3_moderate_1,2030,debug_full_scenarios_wacc_5_no_ramp_cap/results_noCap_greg,0.5609399113020281
GenX,SRSE,SRSE_landbasedwind_class3_moderate_2,2030,debug_full_scenarios_wacc_5_no_ramp_cap/results_noCap_greg,0.4780395134313825
GenX,SRSE,SRSE_utilitypv_class1_moderate_1,2030,debug_full_scenarios_wacc_5_no_ramp_cap/results_noCap_greg,0.3034417602323748
GenX,SRSE,SRSE_utilitypv_class1_moderate_2,2030,debug_full_scenarios_wacc_5_no_ramp_cap/results_noCap_greg,0.2648132947919218
GenX,SRSE,SRSE_offshorewind_class3_moderate_fixed_0_1,2030,debug_full_scenarios_wacc_5_no_ramp_cap/results_noCap_greg,0.2456734147520377
GenX,SRSE,SRSE_offshorewind_class3_moderate_fixed_0_2,2030,debug_full_scenarios_wacc_5_no_ramp_cap/results_noCap_greg,0.228385853531291
GenX,SRSG,SRSG_onshore_wind_turbine_1,2030,debug_full_scenarios_wacc_5_no_ramp_cap/results_noCap_greg,0.4238339607203004
GenX,SRSG,SRSG_solar_photovoltaic_1,2030,debug_full_scenarios_wacc_5_no_ramp_cap/results_noCap_greg,0.1862213331645067
GenX,SRSG,SRSG_distributed_generation_1,2030,debug_full_scenarios_wacc_5_no_ramp_cap/results_noCap_greg,0.2187760033501122
GenX,SRSG,SRSG_landbasedwind_class3_moderate_1,2030,debug_full_scenarios_wacc_5_no_ramp_cap/results_noCap_greg,0.7102732141377431
GenX,SRSG,SRSG_landbasedwind_class3_moderate_2,2030,debug_full_scenarios_wacc_5_no_ramp_cap/results_noCap_greg,0.5114188726764671
GenX,SRSG,SRSG_utilitypv_class1_moderate_1,2030,debug_full_scenarios_wacc_5_no_ramp_cap/results_noCap_greg,0.3616888749382272
GenX,SRSG,SRSG_utilitypv_class1_moderate_2,2030,debug_full_scenarios_wacc_5_no_ramp_cap/results_noCap_greg,0.2772331313700492
GenX,TRE,TRE_onshore_wind_turbine_1,2030,debug_full_scenarios_wacc_5_no_ramp_cap/results_noCap_greg,32822.79578055605
GenX,TRE,TRE_solar_photovoltaic_1,2030,debug_full_scenarios_wacc_5_no_ramp_cap/results_noCap_greg,3346.7974348711705
GenX,TRE,TRE_distributed_generation_1,2030,debug_full_scenarios_wacc_5_no_ramp_cap/results_noCap_greg,2097.1754603492323
GenX,TRE,TRE_landbasedwind_class3_moderate_1,2030,debug_full_scenarios_wacc_5_no_ramp_cap/results_noCap_greg,36537.1777335704
GenX,TRE,TRE_landbasedwind_class3_moderate_2,2030,debug_full_scenarios_wacc_5_no_ramp_cap/results_noCap_greg,1.2892615949474742
GenX,TRE,TRE_utilitypv_class1_moderate_1,2030,debug_full_scenarios_wacc_5_no_ramp_cap/results_noCap_greg,0.3340715781941
GenX,TRE,TRE_utilitypv_class1_moderate_2,2030,debug_full_scenarios_wacc_5_no_ramp_cap/results_noCap_greg,0.2863195632437344
GenX,TRE,TRE_offshorewind_class3_moderate_fixed_0_1,2030,debug_full_scenarios_wacc_5_no_ramp_cap/results_noCap_greg,0.3490075467961083
GenX,TRE,TRE_offshorewind_class3_moderate_fixed_0_2,2030,debug_full_scenarios_wacc_5_no_ramp_cap/results_noCap_greg,0.3185464895815855
GenX,TRE,TRE_offshorewind_class12_moderate_floating_0_1,2030,debug_full_scenarios_wacc_5_no_ramp_cap/results_noCap_greg,0.283507346058571
GenX,TRE,TRE_offshorewind_class12_moderate_floating_0_2,2030,debug_full_scenarios_wacc_5_no_ramp_cap/results_noCap_greg,0.2672913413901924
GenX,TRE_WEST,TRE_WEST_onshore_wind_turbine_1,2030,debug_full_scenarios_wacc_5_no_ramp_cap/results_noCap_greg,948209.5361013298
GenX,TRE_WEST,TRE_WEST_solar_photovoltaic_1,2030,debug_full_scenarios_wacc_5_no_ramp_cap/results_noCap_greg,924669.13986938
GenX,TRE_WEST,TRE_WEST_distributed_generation_1,2030,debug_full_scenarios_wacc_5_no_ramp_cap/results_noCap_greg,45129.2855269872
GenX,TRE_WEST,TRE_WEST_landbasedwind_class3_moderate_1,2030,debug_full_scenarios_wacc_5_no_ramp_cap/results_noCap_greg,1.86619626975988
GenX,TRE_WEST,TRE_WEST_landbasedwind_class3_moderate_2,2030,debug_full_scenarios_wacc_5_no_ramp_cap/results_noCap_greg,1.012577383413989
GenX,TRE_WEST,TRE_WEST_utilitypv_class1_moderate_1,2030,debug_full_scenarios_wacc_5_no_ramp_cap/results_noCap_greg,0.3818924554606165
GenX,TRE_WEST,TRE_WEST_utilitypv_class1_moderate_2,2030,debug_full_scenarios_wacc_5_no_ramp_cap/results_noCap_greg,0.3200067352448557
GenX,BASN,BASN_onshore_wind_turbine_1,2040,debug_full_scenarios_wacc_5_no_ramp_cap/results_noCap_greg,0.3374815428200169
GenX,BASN,BASN_solar_photovoltaic_1,2040,debug_full_scenarios_wacc_5_no_ramp_cap/results_noCap_greg,0.1689545165256371
GenX,BASN,BASN_distributed_generation_1,2040,debug_full_scenarios_wacc_5_no_ramp_cap/results_noCap_greg,0.1568483967954626
GenX,BASN,BASN_landbasedwind_class3_moderate_1,2040,debug_full_scenarios_wacc_5_no_ramp_cap/results_noCap_greg,0.7177187979064501
GenX,BASN,BASN_landbasedwind_class3_moderate_2,2040,debug_full_scenarios_wacc_5_no_ramp_cap/results_noCap_greg,0.4112099942698495
GenX,BASN,BASN_utilitypv_class1_moderate_1,2040,debug_full_scenarios_wacc_5_no_ramp_cap/results_noCap_greg,0.2187773563995753
GenX,BASN,BASN_utilitypv_class1_moderate_2,2040,debug_full_scenarios_wacc_5_no_ramp_cap/results_noCap_greg,0.1506749191365015
GenX,CANO,CANO_onshore_wind_turbine_1,2040,debug_full_scenarios_wacc_5_no_ramp_cap/results_noCap_greg,0.4329131252427574
GenX,CANO,CANO_solar_photovoltaic_1,2040,debug_full_scenarios_wacc_5_no_ramp_cap/results_noCap_greg,0.1963638762872387
GenX,CANO,CANO_distributed_generation_1,2040,debug_full_scenarios_wacc_5_no_ramp_cap/results_noCap_greg,0.197073143272667
GenX,CANO,CANO_landbasedwind_class3_moderate_1,2040,debug_full_scenarios_wacc_5_no_ramp_cap/results_noCap_greg,0.3906560369329826
GenX,CANO,CANO_landbasedwind_class3_moderate_2,2040,debug_full_scenarios_wacc_5_no_ramp_cap/results_noCap_greg,0.3312850118600196
GenX,CANO,CANO_utilitypv_class1_moderate_1,2040,debug_full_scenarios_wacc_5_no_ramp_cap/results_noCap_greg,0.3025348545179391
GenX,CANO,CANO_utilitypv_class1_moderate_2,2040,debug_full_scenarios_wacc_5_no_ramp_cap/results_noCap_greg,0.1900446193141325
GenX,CANO,CANO_offshorewind_class12_moderate_floating_1_1,2040,debug_full_scenarios_wacc_5_no_ramp_cap/results_noCap_greg,0.1775421507096316
GenX,CANO,CANO_offshorewind_class12_moderate_floating_1_2,2040,debug_full_scenarios_wacc_5_no_ramp_cap/results_noCap_greg,0.1693151442935237
GenX,CANO,CANO_offshorewind_class12_moderate_floating_0_1,2040,debug_full_scenarios_wacc_5_no_ramp_cap/results_noCap_greg,0.2033497704182049
GenX,CANO,CANO_offshorewind_class12_moderate_floating_0_2,2040,debug_full_scenarios_wacc_5_no_ramp_cap/results_noCap_greg,0.2032921944120989
GenX,CASO,CASO_onshore_wind_turbine_1,2040,debug_full_scenarios_wacc_5_no_ramp_cap/results_noCap_greg,16387.684665702425
GenX,CASO,CASO_solar_photovoltaic_1,2040,debug_full_scenarios_wacc_5_no_ramp_cap/results_noCap_greg,6079.645424079419
GenX,CASO,CASO_distributed_generation_1,2040,debug_full_scenarios_wacc_5_no_ramp_cap/results_noCap_greg,959.9758374874484
GenX,CASO,CASO_landbasedwind_class3_moderate_1,2040,debug_full_scenarios_wacc_5_no_ramp_cap/results_noCap_greg,0.5407538715711779
GenX,CASO,CASO_landbasedwind_class3_moderate_2,2040,debug_full_scenarios_wacc_5_no_ramp_cap/results_noCap_greg,0.3609065147927698
GenX,CASO,CASO_utilitypv_class1_moderate_1,2040,debug_full_scenarios_wacc_5_no_ramp_cap/results_noCap_greg,15621.707556644926
GenX,CASO,CASO_utilitypv_class1_moderate_2,2040,debug_full_scenarios_wacc_5_no_ramp_cap/results_noCap_greg,0.3940557724781703
GenX,CASO,CASO_offshorewind_class12_moderate_floating_1_1,2040,debug_full_scenarios_wacc_5_no_ramp_cap/results_noCap_greg,0.2040165026059086
GenX,CASO,CASO_offshorewind_class12_moderate_floating_1_2,2040,debug_full_scenarios_wacc_5_no_ramp_cap/results_noCap_greg,0.198986018506587
GenX,CASO,CASO_offshorewind_class12_moderate_floating_0_1,2040,debug_full_scenarios_wacc_5_no_ramp_cap/results_noCap_greg,0.2652761936138582
GenX,CASO,CASO_offshorewind_class12_moderate_floating_0_2,2040,debug_full_scenarios_wacc_5_no_ramp_cap/results_noCap_greg,0.2504468882889955
GenX,FRCC,FRCC_solar_photovoltaic_1,2040,debug_full_scenarios_wacc_5_no_ramp_cap/results_noCap_greg,0.3226793884943054
GenX,FRCC,FRCC_distributed_generation_1,2040,debug_full_scenarios_wacc_5_no_ramp_cap/results_noCap_greg,0.3293447204704321
GenX,FRCC,FRCC_landbasedwind_class3_moderate_1,2040,debug_full_scenarios_wacc_5_no_ramp_cap/results_noCap_greg,0.5609687230366237
GenX,FRCC,FRCC_landbasedwind_class3_moderate_2,2040,debug_full_scenarios_wacc_5_no_ramp_cap/results_noCap_greg,0.5068441272030346
GenX,FRCC,FRCC_utilitypv_class1_moderate_1,2040,debug_full_scenarios_wacc_5_no_ramp_cap/results_noCap_greg,0.419196032840595
GenX,FRCC,FRCC_utilitypv_class1_moderate_2,2040,debug_full_scenarios_wacc_5_no_ramp_cap/results_noCap_greg,0.3389345552745055
GenX,FRCC,FRCC_offshorewind_class3_moderate_fixed_0_1,2040,debug_full_scenarios_wacc_5_no_ramp_cap/results_noCap_greg,0.1924219556228079
GenX,FRCC,FRCC_offshorewind_class3_moderate_fixed_0_2,2040,debug_full_scenarios_wacc_5_no_ramp_cap/results_noCap_greg,0.1815252959019709
GenX,FRCC,FRCC_offshorewind_class12_moderate_floating_0_1,2040,debug_full_scenarios_wacc_5_no_ramp_cap/results_noCap_greg,0.1118598891144764
GenX,FRCC,FRCC_offshorewind_class12_moderate_floating_0_2,2040,debug_full_scenarios_wacc_5_no_ramp_cap/results_noCap_greg,0.1064938669073616
GenX,ISNE,ISNE_offshore_wind_turbine_1,2040,debug_full_scenarios_wacc_5_no_ramp_cap/results_noCap_greg,0.3919605986536928
GenX,ISNE,ISNE_onshore_wind_turbine_1,2040,debug_full_scenarios_wacc_5_no_ramp_cap/results_noCap_greg,0.3882578898798863
GenX,ISNE,ISNE_solar_photovoltaic_1,2040,debug_full_scenarios_wacc_5_no_ramp_cap/results_noCap_greg,0.1644361997581271
GenX,ISNE,ISNE_distributed_generation_1,2040,debug_full_scenarios_wacc_5_no_ramp_cap/results_noCap_greg,0.177548822136316
GenX,ISNE,ISNE_landbasedwind_class3_moderate_1,2040,debug_full_scenarios_wacc_5_no_ramp_cap/results_noCap_greg,0.6051474167771607
GenX,ISNE,ISNE_landbasedwind_class3_moderate_2,2040,debug_full_scenarios_wacc_5_no_ramp_cap/results_noCap_greg,0.4593602996475863
GenX,ISNE,ISNE_utilitypv_class1_moderate_1,2040,debug_full_scenarios_wacc_5_no_ramp_cap/results_noCap_greg,0.2856449831661541
GenX,ISNE,ISNE_utilitypv_class1_moderate_2,2040,debug_full_scenarios_wacc_5_no_ramp_cap/results_noCap_greg,0.2451379069820767
GenX,ISNE,ISNE_offshorewind_class3_moderate_fixed_1_1,2040,debug_full_scenarios_wacc_5_no_ramp_cap/results_noCap_greg,0.372483077736379
GenX,ISNE,ISNE_offshorewind_class3_moderate_fixed_1_2,2040,debug_full_scenarios_wacc_5_no_ramp_cap/results_noCap_greg,0.3718381293665349
GenX,ISNE,ISNE_offshorewind_class3_moderate_fixed_0_1,2040,debug_full_scenarios_wacc_5_no_ramp_cap/results_noCap_greg,0.3997246323728389
GenX,ISNE,ISNE_offshorewind_class3_moderate_fixed_0_2,2040,debug_full_scenarios_wacc_5_no_ramp_cap/results_noCap_greg,0.4001166991473862
GenX,ISNE,ISNE_offshorewind_class12_moderate_floating_1_1,2040,debug_full_scenarios_wacc_5_no_ramp_cap/results_noCap_greg,0.2338580431393208
GenX,ISNE,ISNE_offshorewind_class12_moderate_floating_1_2,2040,debug_full_scenarios_wacc_5_no_ramp_cap/results_noCap_greg,0.2317822512621131
GenX,ISNE,ISNE_offshorewind_class12_moderate_floating_0_1,2040,debug_full_scenarios_wacc_5_no_ramp_cap/results_noCap_greg,0.2558598261615035
GenX,ISNE,ISNE_offshorewind_class12_moderate_floating_0_2,2040,debug_full_scenarios_wacc_5_no_ramp_cap/results_noCap_greg,0.2372200816322102
GenX,MISC,MISC_onshore_wind_turbine_1,2040,debug_full_scenarios_wacc_5_no_ramp_cap/results_noCap_greg,0.72077277599125
GenX,MISC,MISC_solar_photovoltaic_1,2040,debug_full_scenarios_wacc_5_no_ramp_cap/results_noCap_greg,0.2485207063583566
GenX,MISC,MISC_distributed_generation_1,2040,debug_full_scenarios_wacc_5_no_ramp_cap/results_noCap_greg,0.2613074742716607
GenX,MISC,MISC_landbasedwind_class3_moderate_1,2040,debug_full_scenarios_wacc_5_no_ramp_cap/results_noCap_greg,1.0887230344307324
GenX,MISC,MISC_landbasedwind_class3_moderate_2,2040,debug_full_scenarios_wacc_5_no_ramp_cap/results_noCap_greg,0.829953268373929
GenX,MISC,MISC_utilitypv_class1_moderate_1,2040,debug_full_scenarios_wacc_5_no_ramp_cap/results_noCap_greg,0.337332929178544
GenX,MISC,MISC_utilitypv_class1_moderate_2,2040,debug_full_scenarios_wacc_5_no_ramp_cap/results_noCap_greg,0.2492507754943954
GenX,MISE,MISE_onshore_wind_turbine_1,2040,debug_full_scenarios_wacc_5_no_ramp_cap/results_noCap_greg,0.7073840761176062
GenX,MISE,MISE_solar_photovoltaic_1,2040,debug_full_scenarios_wacc_5_no_ramp_cap/results_noCap_greg,0.2118521378311174
GenX,MISE,MISE_distributed_generation_1,2040,debug_full_scenarios_wacc_5_no_ramp_cap/results_noCap_greg,0.2145264153301818
GenX,MISE,MISE_landbasedwind_class3_moderate_1,2040,debug_full_scenarios_wacc_5_no_ramp_cap/results_noCap_greg,0.8436252116312513
GenX,MISE,MISE_landbasedwind_class3_moderate_2,2040,debug_full_scenarios_wacc_5_no_ramp_cap/results_noCap_greg,0.6203471090586713
GenX,MISE,MISE_utilitypv_class1_moderate_1,2040,debug_full_scenarios_wacc_5_no_ramp_cap/results_noCap_greg,0.518356615604852
GenX,MISE,MISE_utilitypv_class1_moderate_2,2040,debug_full_scenarios_wacc_5_no_ramp_cap/results_noCap_greg,0.3348398917259363
GenX,MISS,MISS_onshore_wind_turbine_1,2040,debug_full_scenarios_wacc_5_no_ramp_cap/results_noCap_greg,0.5394176315759169
GenX,MISS,MISS_solar_photovoltaic_1,2040,debug_full_scenarios_wacc_5_no_ramp_cap/results_noCap_greg,0.203772193395825
GenX,MISS,MISS_distributed_generation_1,2040,debug_full_scenarios_wacc_5_no_ramp_cap/results_noCap_greg,0.2256174389642807
GenX,MISS,MISS_landbasedwind_class3_moderate_1,2040,debug_full_scenarios_wacc_5_no_ramp_cap/results_noCap_greg,0.8349437162818438
GenX,MISS,MISS_landbasedwind_class3_moderate_2,2040,debug_full_scenarios_wacc_5_no_ramp_cap/results_noCap_greg,0.5585633509037045
GenX,MISS,MISS_utilitypv_class1_moderate_1,2040,debug_full_scenarios_wacc_5_no_ramp_cap/results_noCap_greg,0.28356274394035
GenX,MISS,MISS_utilitypv_class1_moderate_2,2040,debug_full_scenarios_wacc_5_no_ramp_cap/results_noCap_greg,0.209195746710935
GenX,MISS,MISS_offshorewind_class3_moderate_fixed_0_1,2040,debug_full_scenarios_wacc_5_no_ramp_cap/results_noCap_greg,0.2123268120429635
GenX,MISS,MISS_offshorewind_class3_moderate_fixed_0_2,2040,debug_full_scenarios_wacc_5_no_ramp_cap/results_noCap_greg,0.1969450026481773
GenX,MISW,MISW_onshore_wind_turbine_1,2040,debug_full_scenarios_wacc_5_no_ramp_cap/results_noCap_greg,0.7925939192661158
GenX,MISW,MISW_solar_photovoltaic_1,2040,debug_full_scenarios_wacc_5_no_ramp_cap/results_noCap_greg,0.2493681902070908
GenX,MISW,MISW_distributed_generation_1,2040,debug_full_scenarios_wacc_5_no_ramp_cap/results_noCap_greg,0.2749071137609317
GenX,MISW,MISW_landbasedwind_class3_moderate_1,2040,debug_full_scenarios_wacc_5_no_ramp_cap/results_noCap_greg,1.0519847851416573
GenX,MISW,MISW_landbasedwind_class3_moderate_2,2040,debug_full_scenarios_wacc_5_no_ramp_cap/results_noCap_greg,0.7687317235289575
GenX,MISW,MISW_utilitypv_class1_moderate_1,2040,debug_full_scenarios_wacc_5_no_ramp_cap/results_noCap_greg,0.2827904238726402
GenX,MISW,MISW_utilitypv_class1_moderate_2,2040,debug_full_scenarios_wacc_5_no_ramp_cap/results_noCap_greg,0.1962709465189283
GenX,NWPP,NWPP_onshore_wind_turbine_1,2040,debug_full_scenarios_wacc_5_no_ramp_cap/results_noCap_greg,0.3278323659425853
GenX,NWPP,NWPP_solar_photovoltaic_1,2040,debug_full_scenarios_wacc_5_no_ramp_cap/results_noCap_greg,0.1386121985999216
GenX,NWPP,NWPP_distributed_generation_1,2040,debug_full_scenarios_wacc_5_no_ramp_cap/results_noCap_greg,0.1347270535397623
GenX,NWPP,NWPP_landbasedwind_class3_moderate_1,2040,debug_full_scenarios_wacc_5_no_ramp_cap/results_noCap_greg,0.8209141124379131
GenX,NWPP,NWPP_landbasedwind_class3_moderate_2,2040,debug_full_scenarios_wacc_5_no_ramp_cap/results_noCap_greg,0.5599015258351858
GenX,NWPP,NWPP_utilitypv_class1_moderate_1,2040,debug_full_scenarios_wacc_5_no_ramp_cap/results_noCap_greg,0.2103655506364337
GenX,NWPP,NWPP_utilitypv_class1_moderate_2,2040,debug_full_scenarios_wacc_5_no_ramp_cap/results_noCap_greg,0.1631426551624307
GenX,NWPP,NWPP_offshorewind_class12_moderate_floating_1_1,2040,debug_full_scenarios_wacc_5_no_ramp_cap/results_noCap_greg,0.2009173364420764
GenX,NWPP,NWPP_offshorewind_class12_moderate_floating_1_2,2040,debug_full_scenarios_wacc_5_no_ramp_cap/results_noCap_greg,0.1866441663276029
GenX,NWPP,NWPP_offshorewind_class12_moderate_floating_0_1,2040,debug_full_scenarios_wacc_5_no_ramp_cap/results_noCap_greg,0.2373245458470499
GenX,NWPP,NWPP_offshorewind_class12_moderate_floating_0_2,2040,debug_full_scenarios_wacc_5_no_ramp_cap/results_noCap_greg,0.258976366474103
GenX,NYCW,NYCW_solar_photovoltaic_1,2040,debug_full_scenarios_wacc_5_no_ramp_cap/results_noCap_greg,0.2580207835016476
GenX,NYCW,NYCW_distributed_generation_1,2040,debug_full_scenarios_wacc_5_no_ramp_cap/results_noCap_greg,0.3349388889976257
GenX,NYCW,NYCW_utilitypv_class1_moderate_1,2040,debug_full_scenarios_wacc_5_no_ramp_cap/results_noCap_greg,0.1406486493307796
GenX,NYCW,NYCW_offshorewind_class3_moderate_fixed_1_1,2040,debug_full_scenarios_wacc_5_no_ramp_cap/results_noCap_greg,0.3358301907484976
GenX,NYCW,NYCW_offshorewind_class3_moderate_fixed_1_2,2040,debug_full_scenarios_wacc_5_no_ramp_cap/results_noCap_greg,0.3295545397429981
GenX,NYCW,NYCW_offshorewind_class3_moderate_fixed_0_1,2040,debug_full_scenarios_wacc_5_no_ramp_cap/results_noCap_greg,0.3090833836612083
GenX,NYCW,NYCW_offshorewind_class3_moderate_fixed_0_2,2040,debug_full_scenarios_wacc_5_no_ramp_cap/results_noCap_greg,0.3033577245120381
GenX,NYCW,NYCW_offshorewind_class12_moderate_floating_1_1,2040,debug_full_scenarios_wacc_5_no_ramp_cap/results_noCap_greg,0.2445322072534211
GenX,NYCW,NYCW_offshorewind_class12_moderate_floating_1_2,2040,debug_full_scenarios_wacc_5_no_ramp_cap/results_noCap_greg,0.2408221601053742
GenX,NYCW,NYCW_offshorewind_class12_moderate_floating_0_1,2040,debug_full_scenarios_wacc_5_no_ramp_cap/results_noCap_greg,0.2529154698931133
GenX,NYCW,NYCW_offshorewind_class12_moderate_floating_0_2,2040,debug_full_scenarios_wacc_5_no_ramp_cap/results_noCap_greg,0.2481153097475849
GenX,NYUP,NYUP_onshore_wind_turbine_1,2040,debug_full_scenarios_wacc_5_no_ramp_cap/results_noCap_greg,0.665530232228253
GenX,NYUP,NYUP_solar_photovoltaic_1,2040,debug_full_scenarios_wacc_5_no_ramp_cap/results_noCap_greg,0.2359103793824015
GenX,NYUP,NYUP_distributed_generation_1,2040,debug_full_scenarios_wacc_5_no_ramp_cap/results_noCap_greg,0.2442416087804388
GenX,NYUP,NYUP_landbasedwind_class3_moderate_1,2040,debug_full_scenarios_wacc_5_no_ramp_cap/results_noCap_greg,0.7953791377958599
GenX,NYUP,NYUP_landbasedwind_class3_moderate_2,2040,debug_full_scenarios_wacc_5_no_ramp_cap/results_noCap_greg,0.5652794590777487
GenX,NYUP,NYUP_utilitypv_class1_moderate_1,2040,debug_full_scenarios_wacc_5_no_ramp_cap/results_noCap_greg,0.3596176045099822
GenX,NYUP,NYUP_utilitypv_class1_moderate_2,2040,debug_full_scenarios_wacc_5_no_ramp_cap/results_noCap_greg,0.2566529603382904
GenX,PJMC,PJMC_onshore_wind_turbine_1,2040,debug_full_scenarios_wacc_5_no_ramp_cap/results_noCap_greg,0.6340445352144545
GenX,PJMC,PJMC_solar_photovoltaic_1,2040,debug_full_scenarios_wacc_5_no_ramp_cap/results_noCap_greg,0.214609187772774
GenX,PJMC,PJMC_distributed_generation_1,2040,debug_full_scenarios_wacc_5_no_ramp_cap/results_noCap_greg,0.2368995934674163
GenX,PJMC,PJMC_landbasedwind_class3_moderate_1,2040,debug_full_scenarios_wacc_5_no_ramp_cap/results_noCap_greg,0.7724006707244891
GenX,PJMC,PJMC_landbasedwind_class3_moderate_2,2040,debug_full_scenarios_wacc_5_no_ramp_cap/results_noCap_greg,0.727256249872668
GenX,PJMC,PJMC_utilitypv_class1_moderate_1,2040,debug_full_scenarios_wacc_5_no_ramp_cap/results_noCap_greg,0.3618411483614741
GenX,PJMC,PJMC_utilitypv_class1_moderate_2,2040,debug_full_scenarios_wacc_5_no_ramp_cap/results_noCap_greg,0.2988987084484747
GenX,PJMD,PJMD_onshore_wind_turbine_1,2040,debug_full_scenarios_wacc_5_no_ramp_cap/results_noCap_greg,0.3690911951853771
GenX,PJMD,PJMD_solar_photovoltaic_1,2040,debug_full_scenarios_wacc_5_no_ramp_cap/results_noCap_greg,0.2733775924022089
GenX,PJMD,PJMD_distributed_generation_1,2040,debug_full_scenarios_wacc_5_no_ramp_cap/results_noCap_greg,0.2436771507705344
GenX,PJMD,PJMD_landbasedwind_class3_moderate_1,2040,debug_full_scenarios_wacc_5_no_ramp_cap/results_noCap_greg,0.7253636310134393
GenX,PJMD,PJMD_landbasedwind_class3_moderate_2,2040,debug_full_scenarios_wacc_5_no_ramp_cap/results_noCap_greg,0.496016656664656
GenX,PJMD,PJMD_utilitypv_class1_moderate_1,2040,debug_full_scenarios_wacc_5_no_ramp_cap/results_noCap_greg,0.4982700952487345
GenX,PJMD,PJMD_utilitypv_class1_moderate_2,2040,debug_full_scenarios_wacc_5_no_ramp_cap/results_noCap_greg,0.373538813374085
GenX,PJMD,PJMD_offshorewind_class3_moderate_fixed_1_1,2040,debug_full_scenarios_wacc_5_no_ramp_cap/results_noCap_greg,0.2607706957295484
GenX,PJMD,PJMD_offshorewind_class3_moderate_fixed_1_2,2040,debug_full_scenarios_wacc_5_no_ramp_cap/results_noCap_greg,0.25524915914893
GenX,PJMD,PJMD_offshorewind_class3_moderate_fixed_0_1,2040,debug_full_scenarios_wacc_5_no_ramp_cap/results_noCap_greg,0.2549775124685511
GenX,PJMD,PJMD_offshorewind_class3_moderate_fixed_0_2,2040,debug_full_scenarios_wacc_5_no_ramp_cap/results_noCap_greg,0.2586696506894741
GenX,PJMD,PJMD_offshorewind_class12_moderate_floating_0_1,2040,debug_full_scenarios_wacc_5_no_ramp_cap/results_noCap_greg,0.2079700793945919
GenX,PJMD,PJMD_offshorewind_class12_moderate_floating_0_2,2040,debug_full_scenarios_wacc_5_no_ramp_cap/results_noCap_greg,0.2091771340119907
GenX,PJME,PJME_onshore_wind_turbine_1,2040,debug_full_scenarios_wacc_5_no_ramp_cap/results_noCap_greg,0.5808737023736029
GenX,PJME,PJME_solar_photovoltaic_1,2040,debug_full_scenarios_wacc_5_no_ramp_cap/results_noCap_greg,0.2331859235324271
GenX,PJME,PJME_distributed_generation_1,2040,debug_full_scenarios_wacc_5_no_ramp_cap/results_noCap_greg,0.2553109096372525
GenX,PJME,PJME_landbasedwind_class3_moderate_1,2040,debug_full_scenarios_wacc_5_no_ramp_cap/results_noCap_greg,0.8604203073548953
GenX,PJME,PJME_landbasedwind_class3_moderate_2,2040,debug_full_scenarios_wacc_5_no_ramp_cap/results_noCap_greg,0.5804127581609588
GenX,PJME,PJME_utilitypv_class1_moderate_1,2040,debug_full_scenarios_wacc_5_no_ramp_cap/results_noCap_greg,0.4187382701492032
GenX,PJME,PJME_utilitypv_class1_moderate_2,2040,debug_full_scenarios_wacc_5_no_ramp_cap/results_noCap_greg,0.3295894713764039
GenX,PJME,PJME_offshorewind_class3_moderate_fixed_1_1,2040,debug_full_scenarios_wacc_5_no_ramp_cap/results_noCap_greg,0.2925891696865411
GenX,PJME,PJME_offshorewind_class3_moderate_fixed_1_2,2040,debug_full_scenarios_wacc_5_no_ramp_cap/results_noCap_greg,0.2765048282813548
GenX,PJME,PJME_offshorewind_class3_moderate_fixed_0_1,2040,debug_full_scenarios_wacc_5_no_ramp_cap/results_noCap_greg,0.2919237372308378
GenX,PJME,PJME_offshorewind_class3_moderate_fixed_0_2,2040,debug_full_scenarios_wacc_5_no_ramp_cap/results_noCap_greg,0.2597397822440509
GenX,PJME,PJME_offshorewind_class12_moderate_floating_1_1,2040,debug_full_scenarios_wacc_5_no_ramp_cap/results_noCap_greg,0.2215630620767702
GenX,PJME,PJME_offshorewind_class12_moderate_floating_1_2,2040,debug_full_scenarios_wacc_5_no_ramp_cap/results_noCap_greg,0.2233698379121032
GenX,PJME,PJME_offshorewind_class12_moderate_floating_0_1,2040,debug_full_scenarios_wacc_5_no_ramp_cap/results_noCap_greg,0.2372352844369673
GenX,PJME,PJME_offshorewind_class12_moderate_floating_0_2,2040,debug_full_scenarios_wacc_5_no_ramp_cap/results_noCap_greg,0.2223479751800119
GenX,PJMW,PJMW_onshore_wind_turbine_1,2040,debug_full_scenarios_wacc_5_no_ramp_cap/results_noCap_greg,0.71972181794792
GenX,PJMW,PJMW_solar_photovoltaic_1,2040,debug_full_scenarios_wacc_5_no_ramp_cap/results_noCap_greg,0.2296065620565821
GenX,PJMW,PJMW_distributed_generation_1,2040,debug_full_scenarios_wacc_5_no_ramp_cap/results_noCap_greg,0.2507322620419437
GenX,PJMW,PJMW_landbasedwind_class3_moderate_1,2040,debug_full_scenarios_wacc_5_no_ramp_cap/results_noCap_greg,0.9922215705789258
GenX,PJMW,PJMW_landbasedwind_class3_moderate_2,2040,debug_full_scenarios_wacc_5_no_ramp_cap/results_noCap_greg,0.6635321272595656
GenX,PJMW,PJMW_utilitypv_class1_moderate_1,2040,debug_full_scenarios_wacc_5_no_ramp_cap/results_noCap_greg,0.3636426014498358
GenX,PJMW,PJMW_utilitypv_class1_moderate_2,2040,debug_full_scenarios_wacc_5_no_ramp_cap/results_noCap_greg,0.2803254243504207
GenX,RMRG,RMRG_onshore_wind_turbine_1,2040,debug_full_scenarios_wacc_5_no_ramp_cap/results_noCap_greg,9940.794746184834
GenX,RMRG,RMRG_solar_photovoltaic_1,2040,debug_full_scenarios_wacc_5_no_ramp_cap/results_noCap_greg,0.2464108822091267
GenX,RMRG,RMRG_distributed_generation_1,2040,debug_full_scenarios_wacc_5_no_ramp_cap/results_noCap_greg,197.9446401737337
GenX,RMRG,RMRG_landbasedwind_class3_moderate_1,2040,debug_full_scenarios_wacc_5_no_ramp_cap/results_noCap_greg,6266.769596501529
GenX,RMRG,RMRG_landbasedwind_class3_moderate_2,2040,debug_full_scenarios_wacc_5_no_ramp_cap/results_noCap_greg,0.540436745038646
GenX,RMRG,RMRG_utilitypv_class1_moderate_1,2040,debug_full_scenarios_wacc_5_no_ramp_cap/results_noCap_greg,122.46686741847688
GenX,RMRG,RMRG_utilitypv_class1_moderate_2,2040,debug_full_scenarios_wacc_5_no_ramp_cap/results_noCap_greg,0.1797378641954955
GenX,SPPC,SPPC_onshore_wind_turbine_1,2040,debug_full_scenarios_wacc_5_no_ramp_cap/results_noCap_greg,64919.40147707657
GenX,SPPC,SPPC_solar_photovoltaic_1,2040,debug_full_scenarios_wacc_5_no_ramp_cap/results_noCap_greg,7083.474415245266
GenX,SPPC,SPPC_distributed_generation_1,2040,debug_full_scenarios_wacc_5_no_ramp_cap/results_noCap_greg,13702.778936076753
GenX,SPPC,SPPC_landbasedwind_class3_moderate_1,2040,debug_full_scenarios_wacc_5_no_ramp_cap/results_noCap_greg,78379.60479381657
GenX,SPPC,SPPC_landbasedwind_class3_moderate_2,2040,debug_full_scenarios_wacc_5_no_ramp_cap/results_noCap_greg,1.27171873085287
GenX,SPPC,SPPC_utilitypv_class1_moderate_1,2040,debug_full_scenarios_wacc_5_no_ramp_cap/results_noCap_greg,18225.67737161464
GenX,SPPC,SPPC_utilitypv_class1_moderate_2,2040,debug_full_scenarios_wacc_5_no_ramp_cap/results_noCap_greg,0.2828536031349937
GenX,SPPN,SPPN_onshore_wind_turbine_1,2040,debug_full_scenarios_wacc_5_no_ramp_cap/results_noCap_greg,9997.549280890596
GenX,SPPN,SPPN_solar_photovoltaic_1,2040,debug_full_scenarios_wacc_5_no_ramp_cap/results_noCap_greg,1637.2487683696538
GenX,SPPN,SPPN_distributed_generation_1,2040,debug_full_scenarios_wacc_5_no_ramp_cap/results_noCap_greg,860.5379627039316
GenX,SPPN,SPPN_landbasedwind_class3_moderate_1,2040,debug_full_scenarios_wacc_5_no_ramp_cap/results_noCap_greg,3.0253615664576445
GenX,SPPN,SPPN_landbasedwind_class3_moderate_2,2040,debug_full_scenarios_wacc_5_no_ramp_cap/results_noCap_greg,0.7080023917135919
GenX,SPPN,SPPN_utilitypv_class1_moderate_1,2040,debug_full_scenarios_wacc_5_no_ramp_cap/results_noCap_greg,1828.1865891991051
GenX,SPPN,SPPN_utilitypv_class1_moderate_2,2040,debug_full_scenarios_wacc_5_no_ramp_cap/results_noCap_greg,0.2040248292427937
GenX,SPPS,SPPS_onshore_wind_turbine_1,2040,debug_full_scenarios_wacc_5_no_ramp_cap/results_noCap_greg,315898.4721895687
GenX,SPPS,SPPS_solar_photovoltaic_1,2040,debug_full_scenarios_wacc_5_no_ramp_cap/results_noCap_greg,46192.124466222944
GenX,SPPS,SPPS_distributed_generation_1,2040,debug_full_scenarios_wacc_5_no_ramp_cap/results_noCap_greg,142104.0618487411
GenX,SPPS,SPPS_landbasedwind_class3_moderate_1,2040,debug_full_scenarios_wacc_5_no_ramp_cap/results_noCap_greg,478757.7488824783
GenX,SPPS,SPPS_landbasedwind_class3_moderate_2,2040,debug_full_scenarios_wacc_5_no_ramp_cap/results_noCap_greg,1.5339656604037308
GenX,SPPS,SPPS_utilitypv_class1_moderate_1,2040,debug_full_scenarios_wacc_5_no_ramp_cap/results_noCap_greg,144221.16044429765
GenX,SPPS,SPPS_utilitypv_class1_moderate_2,2040,debug_full_scenarios_wacc_5_no_ramp_cap/results_noCap_greg,0.3199582513450669
GenX,SRCA,SRCA_solar_photovoltaic_1,2040,debug_full_scenarios_wacc_5_no_ramp_cap/results_noCap_greg,0.3648636409215207
GenX,SRCA,SRCA_distributed_generation_1,2040,debug_full_scenarios_wacc_5_no_ramp_cap/results_noCap_greg,0.3088903304387232
GenX,SRCA,SRCA_landbasedwind_class3_moderate_1,2040,debug_full_scenarios_wacc_5_no_ramp_cap/results_noCap_greg,0.6336784972644257
GenX,SRCA,SRCA_landbasedwind_class3_moderate_2,2040,debug_full_scenarios_wacc_5_no_ramp_cap/results_noCap_greg,0.4508308619847506
GenX,SRCA,SRCA_utilitypv_class1_moderate_1,2040,debug_full_scenarios_wacc_5_no_ramp_cap/results_noCap_greg,0.4182926859698718
GenX,SRCA,SRCA_utilitypv_class1_moderate_2,2040,debug_full_scenarios_wacc_5_no_ramp_cap/results_noCap_greg,0.247790016931799
GenX,SRCA,SRCA_offshorewind_class3_moderate_fixed_1_1,2040,debug_full_scenarios_wacc_5_no_ramp_cap/results_noCap_greg,0.195272484260965
GenX,SRCA,SRCA_offshorewind_class3_moderate_fixed_1_2,2040,debug_full_scenarios_wacc_5_no_ramp_cap/results_noCap_greg,0.1909207889049415
GenX,SRCA,SRCA_offshorewind_class3_moderate_fixed_0_1,2040,debug_full_scenarios_wacc_5_no_ramp_cap/results_noCap_greg,0.2420966853300101
GenX,SRCA,SRCA_offshorewind_class3_moderate_fixed_0_2,2040,debug_full_scenarios_wacc_5_no_ramp_cap/results_noCap_greg,0.2222342352585009
GenX,SRCA,SRCA_offshorewind_class12_moderate_floating_0_1,2040,debug_full_scenarios_wacc_5_no_ramp_cap/results_noCap_greg,0.1633350263576828
GenX,SRCA,SRCA_offshorewind_class12_moderate_floating_0_2,2040,debug_full_scenarios_wacc_5_no_ramp_cap/results_noCap_greg,0.1735410109227188
GenX,SRCE,SRCE_solar_photovoltaic_1,2040,debug_full_scenarios_wacc_5_no_ramp_cap/results_noCap_greg,0.3457960748592417
GenX,SRCE,SRCE_distributed_generation_1,2040,debug_full_scenarios_wacc_5_no_ramp_cap/results_noCap_greg,0.360265282186782
GenX,SRCE,SRCE_landbasedwind_class3_moderate_1,2040,debug_full_scenarios_wacc_5_no_ramp_cap/results_noCap_greg,0.9065295686717864
GenX,SRCE,SRCE_landbasedwind_class3_moderate_2,2040,debug_full_scenarios_wacc_5_no_ramp_cap/results_noCap_greg,0.6160190034718928
GenX,SRCE,SRCE_utilitypv_class1_moderate_1,2040,debug_full_scenarios_wacc_5_no_ramp_cap/results_noCap_greg,0.3102254072766888
GenX,SRCE,SRCE_utilitypv_class1_moderate_2,2040,debug_full_scenarios_wacc_5_no_ramp_cap/results_noCap_greg,0.2223004395639179
GenX,SRSE,SRSE_solar_photovoltaic_1,2040,debug_full_scenarios_wacc_5_no_ramp_cap/results_noCap_greg,0.2982233269493134
GenX,SRSE,SRSE_distributed_generation_1,2040,debug_full_scenarios_wacc_5_no_ramp_cap/results_noCap_greg,0.3378189490860833
GenX,SRSE,SRSE_landbasedwind_class3_moderate_1,2040,debug_full_scenarios_wacc_5_no_ramp_cap/results_noCap_greg,0.494834829849504
GenX,SRSE,SRSE_landbasedwind_class3_moderate_2,2040,debug_full_scenarios_wacc_5_no_ramp_cap/results_noCap_greg,0.403292109741942
GenX,SRSE,SRSE_utilitypv_class1_moderate_1,2040,debug_full_scenarios_wacc_5_no_ramp_cap/results_noCap_greg,0.2822338607937555
GenX,SRSE,SRSE_utilitypv_class1_moderate_2,2040,debug_full_scenarios_wacc_5_no_ramp_cap/results_noCap_greg,0.1811684544932565
GenX,SRSE,SRSE_offshorewind_class3_moderate_fixed_0_1,2040,debug_full_scenarios_wacc_5_no_ramp_cap/results_noCap_greg,0.1626071397414246
GenX,SRSE,SRSE_offshorewind_class3_moderate_fixed_0_2,2040,debug_full_scenarios_wacc_5_no_ramp_cap/results_noCap_greg,0.1516644161987529
GenX,SRSG,SRSG_onshore_wind_turbine_1,2040,debug_full_scenarios_wacc_5_no_ramp_cap/results_noCap_greg,5472.929664805257
GenX,SRSG,SRSG_solar_photovoltaic_1,2040,debug_full_scenarios_wacc_5_no_ramp_cap/results_noCap_greg,3054.314903584415
GenX,SRSG,SRSG_distributed_generation_1,2040,debug_full_scenarios_wacc_5_no_ramp_cap/results_noCap_greg,1355.3078930543877
GenX,SRSG,SRSG_landbasedwind_class3_moderate_1,2040,debug_full_scenarios_wacc_5_no_ramp_cap/results_noCap_greg,0.6291822959711376
GenX,SRSG,SRSG_landbasedwind_class3_moderate_2,2040,debug_full_scenarios_wacc_5_no_ramp_cap/results_noCap_greg,0.4271173201544322
GenX,SRSG,SRSG_utilitypv_class1_moderate_1,2040,debug_full_scenarios_wacc_5_no_ramp_cap/results_noCap_greg,5873.102131989522
GenX,SRSG,SRSG_utilitypv_class1_moderate_2,2040,debug_full_scenarios_wacc_5_no_ramp_cap/results_noCap_greg,0.2099326085734394
GenX,TRE,TRE_onshore_wind_turbine_1,2040,debug_full_scenarios_wacc_5_no_ramp_cap/results_noCap_greg,1083443.6562105766
GenX,TRE,TRE_solar_photovoltaic_1,2040,debug_full_scenarios_wacc_5_no_ramp_cap/results_noCap_greg,271046.82284486474
GenX,TRE,TRE_distributed_generation_1,2040,debug_full_scenarios_wacc_5_no_ramp_cap/results_noCap_greg,437533.0827808065
GenX,TRE,TRE_landbasedwind_class3_moderate_1,2040,debug_full_scenarios_wacc_5_no_ramp_cap/results_noCap_greg,4250566.377275606
GenX,TRE,TRE_landbasedwind_class3_moderate_2,2040,debug_full_scenarios_wacc_5_no_ramp_cap/results_noCap_greg,1.6496817038141878
GenX,TRE,TRE_utilitypv_class1_moderate_1,2040,debug_full_scenarios_wacc_5_no_ramp_cap/results_noCap_greg,296702.8637747065
GenX,TRE,TRE_utilitypv_class1_moderate_2,2040,debug_full_scenarios_wacc_5_no_ramp_cap/results_noCap_greg,0.3244633281676874
GenX,TRE,TRE_offshorewind_class3_moderate_fixed_0_1,2040,debug_full_scenarios_wacc_5_no_ramp_cap/results_noCap_greg,0.2105970705217636
GenX,TRE,TRE_offshorewind_class3_moderate_fixed_0_2,2040,debug_full_scenarios_wacc_5_no_ramp_cap/results_noCap_greg,0.2472852665233593
GenX,TRE,TRE_offshorewind_class12_moderate_floating_0_1,2040,debug_full_scenarios_wacc_5_no_ramp_cap/results_noCap_greg,0.2060020230891397
GenX,TRE,TRE_offshorewind_class12_moderate_floating_0_2,2040,debug_full_scenarios_wacc_5_no_ramp_cap/results_noCap_greg,0.1958992419991395
GenX,TRE_WEST,TRE_WEST_onshore_wind_turbine_1,2040,debug_full_scenarios_wacc_5_no_ramp_cap/results_noCap_greg,2553486.9030053434
GenX,TRE_WEST,TRE_WEST_solar_photovoltaic_1,2040,debug_full_scenarios_wacc_5_no_ramp_cap/results_noCap_greg,1089998.455287766
GenX,TRE_WEST,TRE_WEST_distributed_generation_1,2040,debug_full_scenarios_wacc_5_no_ramp_cap/results_noCap_greg,71949.0589418877
GenX,TRE_WEST,TRE_WEST_landbasedwind_class3_moderate_1,2040,debug_full_scenarios_wacc_5_no_ramp_cap/results_noCap_greg,2.256480919895788
GenX,TRE_WEST,TRE_WEST_landbasedwind_class3_moderate_2,2040,debug_full_scenarios_wacc_5_no_ramp_cap/results_noCap_greg,0.9643260739798852
GenX,TRE_WEST,TRE_WEST_utilitypv_class1_moderate_1,2040,debug_full_scenarios_wacc_5_no_ramp_cap/results_noCap_greg,1.6368422159245035
GenX,TRE_WEST,TRE_WEST_utilitypv_class1_moderate_2,2040,debug_full_scenarios_wacc_5_no_ramp_cap/results_noCap_greg,0.3433869154208991
GenX,BASN,BASN_onshore_wind_turbine_1,2050,debug_full_scenarios_wacc_5_no_ramp_cap/results_noCap_greg,0.9808714270827024
GenX,BASN,BASN_solar_photovoltaic_1,2050,debug_full_scenarios_wacc_5_no_ramp_cap/results_noCap_greg,0.4857989400605181
GenX,BASN,BASN_distributed_generation_1,2050,debug_full_scenarios_wacc_5_no_ramp_cap/results_noCap_greg,0.5400636772257724
GenX,BASN,BASN_landbasedwind_class3_moderate_1,2050,debug_full_scenarios_wacc_5_no_ramp_cap/results_noCap_greg,3.1356309497245003
GenX,BASN,BASN_landbasedwind_class3_moderate_2,2050,debug_full_scenarios_wacc_5_no_ramp_cap/results_noCap_greg,1.8319042945100816
GenX,BASN,BASN_utilitypv_class1_moderate_1,2050,debug_full_scenarios_wacc_5_no_ramp_cap/results_noCap_greg,0.8762899464625895
GenX,BASN,BASN_utilitypv_class1_moderate_2,2050,debug_full_scenarios_wacc_5_no_ramp_cap/results_noCap_greg,0.5514601023055766
GenX,CANO,CANO_onshore_wind_turbine_1,2050,debug_full_scenarios_wacc_5_no_ramp_cap/results_noCap_greg,1.2001258119783014
GenX,CANO,CANO_solar_photovoltaic_1,2050,debug_full_scenarios_wacc_5_no_ramp_cap/results_noCap_greg,0.665386650562102
GenX,CANO,CANO_distributed_generation_1,2050,debug_full_scenarios_wacc_5_no_ramp_cap/results_noCap_greg,0.6523687856724025
GenX,CANO,CANO_landbasedwind_class3_moderate_1,2050,debug_full_scenarios_wacc_5_no_ramp_cap/results_noCap_greg,1.7751351062773462
GenX,CANO,CANO_landbasedwind_class3_moderate_2,2050,debug_full_scenarios_wacc_5_no_ramp_cap/results_noCap_greg,1.4764630309795606
GenX,CANO,CANO_utilitypv_class1_moderate_1,2050,debug_full_scenarios_wacc_5_no_ramp_cap/results_noCap_greg,1.1347527254457306
GenX,CANO,CANO_utilitypv_class1_moderate_2,2050,debug_full_scenarios_wacc_5_no_ramp_cap/results_noCap_greg,0.8285525025510462
GenX,CANO,CANO_offshorewind_class12_moderate_floating_1_1,2050,debug_full_scenarios_wacc_5_no_ramp_cap/results_noCap_greg,0.8503717231082064
GenX,CANO,CANO_offshorewind_class12_moderate_floating_1_2,2050,debug_full_scenarios_wacc_5_no_ramp_cap/results_noCap_greg,0.8117052441138505
GenX,CANO,CANO_offshorewind_class12_moderate_floating_0_1,2050,debug_full_scenarios_wacc_5_no_ramp_cap/results_noCap_greg,0.9623742445429472
GenX,CANO,CANO_offshorewind_class12_moderate_floating_0_2,2050,debug_full_scenarios_wacc_5_no_ramp_cap/results_noCap_greg,0.8660119551384092
GenX,CASO,CASO_onshore_wind_turbine_1,2050,debug_full_scenarios_wacc_5_no_ramp_cap/results_noCap_greg,13728.160842670675
GenX,CASO,CASO_solar_photovoltaic_1,2050,debug_full_scenarios_wacc_5_no_ramp_cap/results_noCap_greg,28470.25412987245
GenX,CASO,CASO_distributed_generation_1,2050,debug_full_scenarios_wacc_5_no_ramp_cap/results_noCap_greg,13323.37462871914
GenX,CASO,CASO_landbasedwind_class3_moderate_1,2050,debug_full_scenarios_wacc_5_no_ramp_cap/results_noCap_greg,1.9442515830138585
GenX,CASO,CASO_landbasedwind_class3_moderate_2,2050,debug_full_scenarios_wacc_5_no_ramp_cap/results_noCap_greg,1.167639001903864
GenX,CASO,CASO_utilitypv_class1_moderate_1,2050,debug_full_scenarios_wacc_5_no_ramp_cap/results_noCap_greg,67522.88310324635
GenX,CASO,CASO_utilitypv_class1_moderate_2,2050,debug_full_scenarios_wacc_5_no_ramp_cap/results_noCap_greg,1.5106222845201718
GenX,CASO,CASO_offshorewind_class12_moderate_floating_1_1,2050,debug_full_scenarios_wacc_5_no_ramp_cap/results_noCap_greg,0.9199789240866304
GenX,CASO,CASO_offshorewind_class12_moderate_floating_1_2,2050,debug_full_scenarios_wacc_5_no_ramp_cap/results_noCap_greg,0.895435621648601
GenX,CASO,CASO_offshorewind_class12_moderate_floating_0_1,2050,debug_full_scenarios_wacc_5_no_ramp_cap/results_noCap_greg,1.0984528209104545
GenX,CASO,CASO_offshorewind_class12_moderate_floating_0_2,2050,debug_full_scenarios_wacc_5_no_ramp_cap/results_noCap_greg,1.0675885136239749
GenX,FRCC,FRCC_solar_photovoltaic_1,2050,debug_full_scenarios_wacc_5_no_ramp_cap/results_noCap_greg,8657.712031122534
GenX,FRCC,FRCC_distributed_generation_1,2050,debug_full_scenarios_wacc_5_no_ramp_cap/results_noCap_greg,4288.3306865666655
GenX,FRCC,FRCC_landbasedwind_class3_moderate_1,2050,debug_full_scenarios_wacc_5_no_ramp_cap/results_noCap_greg,2.1549390959840404
GenX,FRCC,FRCC_landbasedwind_class3_moderate_2,2050,debug_full_scenarios_wacc_5_no_ramp_cap/results_noCap_greg,1.980799379696688
GenX,FRCC,FRCC_utilitypv_class1_moderate_1,2050,debug_full_scenarios_wacc_5_no_ramp_cap/results_noCap_greg,17945.136546110698
GenX,FRCC,FRCC_utilitypv_class1_moderate_2,2050,debug_full_scenarios_wacc_5_no_ramp_cap/results_noCap_greg,1.4501514744412756
GenX,FRCC,FRCC_offshorewind_class3_moderate_fixed_0_1,2050,debug_full_scenarios_wacc_5_no_ramp_cap/results_noCap_greg,0.8048357062961997
GenX,FRCC,FRCC_offshorewind_class3_moderate_fixed_0_2,2050,debug_full_scenarios_wacc_5_no_ramp_cap/results_noCap_greg,0.7239447509353041
GenX,FRCC,FRCC_offshorewind_class12_moderate_floating_0_1,2050,debug_full_scenarios_wacc_5_no_ramp_cap/results_noCap_greg,0.3166347295133344
GenX,FRCC,FRCC_offshorewind_class12_moderate_floating_0_2,2050,debug_full_scenarios_wacc_5_no_ramp_cap/results_noCap_greg,0.3020447190733009
GenX,ISNE,ISNE_onshore_wind_turbine_1,2050,debug_full_scenarios_wacc_5_no_ramp_cap/results_noCap_greg,1.4106077448823513
GenX,ISNE,ISNE_solar_photovoltaic_1,2050,debug_full_scenarios_wacc_5_no_ramp_cap/results_noCap_greg,0.6780969317017291
GenX,ISNE,ISNE_distributed_generation_1,2050,debug_full_scenarios_wacc_5_no_ramp_cap/results_noCap_greg,0.7652552905012701
GenX,ISNE,ISNE_landbasedwind_class3_moderate_1,2050,debug_full_scenarios_wacc_5_no_ramp_cap/results_noCap_greg,2.3084648681001108
GenX,ISNE,ISNE_landbasedwind_class3_moderate_2,2050,debug_full_scenarios_wacc_5_no_ramp_cap/results_noCap_greg,1.8051633665949915
GenX,ISNE,ISNE_utilitypv_class1_moderate_1,2050,debug_full_scenarios_wacc_5_no_ramp_cap/results_noCap_greg,1.1656362851471902
GenX,ISNE,ISNE_utilitypv_class1_moderate_2,2050,debug_full_scenarios_wacc_5_no_ramp_cap/results_noCap_greg,0.9114187524547152
GenX,ISNE,ISNE_offshorewind_class3_moderate_fixed_1_1,2050,debug_full_scenarios_wacc_5_no_ramp_cap/results_noCap_greg,1.5946717556911811
GenX,ISNE,ISNE_offshorewind_class3_moderate_fixed_1_2,2050,debug_full_scenarios_wacc_5_no_ramp_cap/results_noCap_greg,1.5807803336543254
GenX,ISNE,ISNE_offshorewind_class3_moderate_fixed_0_1,2050,debug_full_scenarios_wacc_5_no_ramp_cap/results_noCap_greg,1.257551637743479
GenX,ISNE,ISNE_offshorewind_class3_moderate_fixed_0_2,2050,debug_full_scenarios_wacc_5_no_ramp_cap/results_noCap_greg,1.2440589372271758
GenX,ISNE,ISNE_offshorewind_class12_moderate_floating_1_1,2050,debug_full_scenarios_wacc_5_no_ramp_cap/results_noCap_greg,1.0844581928991182
GenX,ISNE,ISNE_offshorewind_class12_moderate_floating_1_2,2050,debug_full_scenarios_wacc_5_no_ramp_cap/results_noCap_greg,1.0552893295965449
GenX,ISNE,ISNE_offshorewind_class12_moderate_floating_0_1,2050,debug_full_scenarios_wacc_5_no_ramp_cap/results_noCap_greg,1.3104917951026984
GenX,ISNE,ISNE_offshorewind_class12_moderate_floating_0_2,2050,debug_full_scenarios_wacc_5_no_ramp_cap/results_noCap_greg,1.22935010991011
GenX,MISC,MISC_onshore_wind_turbine_1,2050,debug_full_scenarios_wacc_5_no_ramp_cap/results_noCap_greg,2.0410026908532064
GenX,MISC,MISC_solar_photovoltaic_1,2050,debug_full_scenarios_wacc_5_no_ramp_cap/results_noCap_greg,0.8650586173904671
GenX,MISC,MISC_distributed_generation_1,2050,debug_full_scenarios_wacc_5_no_ramp_cap/results_noCap_greg,0.9906141612545468
GenX,MISC,MISC_landbasedwind_class3_moderate_1,2050,debug_full_scenarios_wacc_5_no_ramp_cap/results_noCap_greg,3.723976973949061
GenX,MISC,MISC_landbasedwind_class3_moderate_2,2050,debug_full_scenarios_wacc_5_no_ramp_cap/results_noCap_greg,3.2984367962646743
GenX,MISC,MISC_utilitypv_class1_moderate_1,2050,debug_full_scenarios_wacc_5_no_ramp_cap/results_noCap_greg,1.3296629143812315
GenX,MISC,MISC_utilitypv_class1_moderate_2,2050,debug_full_scenarios_wacc_5_no_ramp_cap/results_noCap_greg,1.021956089371468
GenX,MISE,MISE_onshore_wind_turbine_1,2050,debug_full_scenarios_wacc_5_no_ramp_cap/results_noCap_greg,2.014213543750242
GenX,MISE,MISE_solar_photovoltaic_1,2050,debug_full_scenarios_wacc_5_no_ramp_cap/results_noCap_greg,0.7578331760151094
GenX,MISE,MISE_distributed_generation_1,2050,debug_full_scenarios_wacc_5_no_ramp_cap/results_noCap_greg,0.7795446292747106
GenX,MISE,MISE_landbasedwind_class3_moderate_1,2050,debug_full_scenarios_wacc_5_no_ramp_cap/results_noCap_greg,2.6237192770415807
GenX,MISE,MISE_landbasedwind_class3_moderate_2,2050,debug_full_scenarios_wacc_5_no_ramp_cap/results_noCap_greg,2.060605998731857
GenX,MISE,MISE_utilitypv_class1_moderate_1,2050,debug_full_scenarios_wacc_5_no_ramp_cap/results_noCap_greg,2.2535914149689336
GenX,MISE,MISE_utilitypv_class1_moderate_2,2050,debug_full_scenarios_wacc_5_no_ramp_cap/results_noCap_greg,1.4977103688219826
GenX,MISS,MISS_onshore_wind_turbine_1,2050,debug_full_scenarios_wacc_5_no_ramp_cap/results_noCap_greg,1.7906888076089922
GenX,MISS,MISS_solar_photovoltaic_1,2050,debug_full_scenarios_wacc_5_no_ramp_cap/results_noCap_greg,0.6448922920031328
GenX,MISS,MISS_distributed_generation_1,2050,debug_full_scenarios_wacc_5_no_ramp_cap/results_noCap_greg,0.810773647696609
GenX,MISS,MISS_landbasedwind_class3_moderate_1,2050,debug_full_scenarios_wacc_5_no_ramp_cap/results_noCap_greg,2.986319508321411
GenX,MISS,MISS_landbasedwind_class3_moderate_2,2050,debug_full_scenarios_wacc_5_no_ramp_cap/results_noCap_greg,2.11437042596396
GenX,MISS,MISS_utilitypv_class1_moderate_1,2050,debug_full_scenarios_wacc_5_no_ramp_cap/results_noCap_greg,1.511178043999835
GenX,MISS,MISS_utilitypv_class1_moderate_2,2050,debug_full_scenarios_wacc_5_no_ramp_cap/results_noCap_greg,1.1616155358319824
GenX,MISS,MISS_offshorewind_class3_moderate_fixed_0_1,2050,debug_full_scenarios_wacc_5_no_ramp_cap/results_noCap_greg,0.9323090174565374
GenX,MISS,MISS_offshorewind_class3_moderate_fixed_0_2,2050,debug_full_scenarios_wacc_5_no_ramp_cap/results_noCap_greg,0.8546596325600573
GenX,MISW,MISW_onshore_wind_turbine_1,2050,debug_full_scenarios_wacc_5_no_ramp_cap/results_noCap_greg,2.506046709143096
GenX,MISW,MISW_solar_photovoltaic_1,2050,debug_full_scenarios_wacc_5_no_ramp_cap/results_noCap_greg,0.8648695189029344
GenX,MISW,MISW_distributed_generation_1,2050,debug_full_scenarios_wacc_5_no_ramp_cap/results_noCap_greg,0.9749422796422776
GenX,MISW,MISW_landbasedwind_class3_moderate_1,2050,debug_full_scenarios_wacc_5_no_ramp_cap/results_noCap_greg,4.396889232926331
GenX,MISW,MISW_landbasedwind_class3_moderate_2,2050,debug_full_scenarios_wacc_5_no_ramp_cap/results_noCap_greg,3.2367849360055345
GenX,MISW,MISW_utilitypv_class1_moderate_1,2050,debug_full_scenarios_wacc_5_no_ramp_cap/results_noCap_greg,0.9777185976350916
GenX,MISW,MISW_utilitypv_class1_moderate_2,2050,debug_full_scenarios_wacc_5_no_ramp_cap/results_noCap_greg,0.6786513260509381
GenX,NWPP,NWPP_onshore_wind_turbine_1,2050,debug_full_scenarios_wacc_5_no_ramp_cap/results_noCap_greg,1.4440764225432257
GenX,NWPP,NWPP_solar_photovoltaic_1,2050,debug_full_scenarios_wacc_5_no_ramp_cap/results_noCap_greg,0.5811670149928807
GenX,NWPP,NWPP_distributed_generation_1,2050,debug_full_scenarios_wacc_5_no_ramp_cap/results_noCap_greg,0.6718423224554951
GenX,NWPP,NWPP_landbasedwind_class3_moderate_1,2050,debug_full_scenarios_wacc_5_no_ramp_cap/results_noCap_greg,3.408195963454172
GenX,NWPP,NWPP_landbasedwind_class3_moderate_2,2050,debug_full_scenarios_wacc_5_no_ramp_cap/results_noCap_greg,2.280313981085381
GenX,NWPP,NWPP_utilitypv_class1_moderate_1,2050,debug_full_scenarios_wacc_5_no_ramp_cap/results_noCap_greg,0.8548494925507818
GenX,NWPP,NWPP_utilitypv_class1_moderate_2,2050,debug_full_scenarios_wacc_5_no_ramp_cap/results_noCap_greg,0.6321042212897189
GenX,NWPP,NWPP_offshorewind_class12_moderate_floating_1_1,2050,debug_full_scenarios_wacc_5_no_ramp_cap/results_noCap_greg,0.9510248126594478
GenX,NWPP,NWPP_offshorewind_class12_moderate_floating_1_2,2050,debug_full_scenarios_wacc_5_no_ramp_cap/results_noCap_greg,0.8919128548198079
GenX,NWPP,NWPP_offshorewind_class12_moderate_floating_0_1,2050,debug_full_scenarios_wacc_5_no_ramp_cap/results_noCap_greg,1.015142605667655
GenX,NWPP,NWPP_offshorewind_class12_moderate_floating_0_2,2050,debug_full_scenarios_wacc_5_no_ramp_cap/results_noCap_greg,0.9808156986402026
GenX,NYCW,NYCW_solar_photovoltaic_1,2050,debug_full_scenarios_wacc_5_no_ramp_cap/results_noCap_greg,0.7570623007334264
GenX,NYCW,NYCW_distributed_generation_1,2050,debug_full_scenarios_wacc_5_no_ramp_cap/results_noCap_greg,1.0421211731141793
GenX,NYCW,NYCW_utilitypv_class1_moderate_1,2050,debug_full_scenarios_wacc_5_no_ramp_cap/results_noCap_greg,0.3505066409594424
GenX,NYCW,NYCW_offshorewind_class3_moderate_fixed_1_1,2050,debug_full_scenarios_wacc_5_no_ramp_cap/results_noCap_greg,1.1398445672933164
GenX,NYCW,NYCW_offshorewind_class3_moderate_fixed_1_2,2050,debug_full_scenarios_wacc_5_no_ramp_cap/results_noCap_greg,1.1100748149331603
GenX,NYCW,NYCW_offshorewind_class3_moderate_fixed_0_1,2050,debug_full_scenarios_wacc_5_no_ramp_cap/results_noCap_greg,0.9002469706546
GenX,NYCW,NYCW_offshorewind_class3_moderate_fixed_0_2,2050,debug_full_scenarios_wacc_5_no_ramp_cap/results_noCap_greg,0.873362962851061
GenX,NYCW,NYCW_offshorewind_class12_moderate_floating_1_1,2050,debug_full_scenarios_wacc_5_no_ramp_cap/results_noCap_greg,0.9616048655998668
GenX,NYCW,NYCW_offshorewind_class12_moderate_floating_1_2,2050,debug_full_scenarios_wacc_5_no_ramp_cap/results_noCap_greg,0.9540434804165976
GenX,NYCW,NYCW_offshorewind_class12_moderate_floating_0_1,2050,debug_full_scenarios_wacc_5_no_ramp_cap/results_noCap_greg,0.7605589498464573
GenX,NYCW,NYCW_offshorewind_class12_moderate_floating_0_2,2050,debug_full_scenarios_wacc_5_no_ramp_cap/results_noCap_greg,0.7516492185913491
GenX,NYUP,NYUP_onshore_wind_turbine_1,2050,debug_full_scenarios_wacc_5_no_ramp_cap/results_noCap_greg,1.9819721791504965
GenX,NYUP,NYUP_solar_photovoltaic_1,2050,debug_full_scenarios_wacc_5_no_ramp_cap/results_noCap_greg,0.6996898511990131
GenX,NYUP,NYUP_distributed_generation_1,2050,debug_full_scenarios_wacc_5_no_ramp_cap/results_noCap_greg,0.8005453514985533
GenX,NYUP,NYUP_landbasedwind_class3_moderate_1,2050,debug_full_scenarios_wacc_5_no_ramp_cap/results_noCap_greg,3.164572360893108
GenX,NYUP,NYUP_landbasedwind_class3_moderate_2,2050,debug_full_scenarios_wacc_5_no_ramp_cap/results_noCap_greg,2.1800334830801558
GenX,NYUP,NYUP_utilitypv_class1_moderate_1,2050,debug_full_scenarios_wacc_5_no_ramp_cap/results_noCap_greg,1.3776977607830712
GenX,NYUP,NYUP_utilitypv_class1_moderate_2,2050,debug_full_scenarios_wacc_5_no_ramp_cap/results_noCap_greg,1.0823507762733382
GenX,PJMC,PJMC_onshore_wind_turbine_1,2050,debug_full_scenarios_wacc_5_no_ramp_cap/results_noCap_greg,1.5342761180740747
GenX,PJMC,PJMC_solar_photovoltaic_1,2050,debug_full_scenarios_wacc_5_no_ramp_cap/results_noCap_greg,0.5791188530631441
GenX,PJMC,PJMC_distributed_generation_1,2050,debug_full_scenarios_wacc_5_no_ramp_cap/results_noCap_greg,0.6885037013123742
GenX,PJMC,PJMC_landbasedwind_class3_moderate_1,2050,debug_full_scenarios_wacc_5_no_ramp_cap/results_noCap_greg,2.854921098902559
GenX,PJMC,PJMC_landbasedwind_class3_moderate_2,2050,debug_full_scenarios_wacc_5_no_ramp_cap/results_noCap_greg,2.653780889400547
GenX,PJMC,PJMC_utilitypv_class1_moderate_1,2050,debug_full_scenarios_wacc_5_no_ramp_cap/results_noCap_greg,1.473575729056943
GenX,PJMC,PJMC_utilitypv_class1_moderate_2,2050,debug_full_scenarios_wacc_5_no_ramp_cap/results_noCap_greg,1.359569771354319
GenX,PJMD,PJMD_solar_photovoltaic_1,2050,debug_full_scenarios_wacc_5_no_ramp_cap/results_noCap_greg,1.219374723810017
GenX,PJMD,PJMD_distributed_generation_1,2050,debug_full_scenarios_wacc_5_no_ramp_cap/results_noCap_greg,1.2298464686696648
GenX,PJMD,PJMD_landbasedwind_class3_moderate_1,2050,debug_full_scenarios_wacc_5_no_ramp_cap/results_noCap_greg,2.546854301334329
GenX,PJMD,PJMD_landbasedwind_class3_moderate_2,2050,debug_full_scenarios_wacc_5_no_ramp_cap/results_noCap_greg,1.694598579476145
GenX,PJMD,PJMD_utilitypv_class1_moderate_1,2050,debug_full_scenarios_wacc_5_no_ramp_cap/results_noCap_greg,2.0872556679262453
GenX,PJMD,PJMD_utilitypv_class1_moderate_2,2050,debug_full_scenarios_wacc_5_no_ramp_cap/results_noCap_greg,1.5239750904067315
GenX,PJMD,PJMD_offshorewind_class3_moderate_fixed_1_1,2050,debug_full_scenarios_wacc_5_no_ramp_cap/results_noCap_greg,0.8805832347499367
GenX,PJMD,PJMD_offshorewind_class3_moderate_fixed_1_2,2050,debug_full_scenarios_wacc_5_no_ramp_cap/results_noCap_greg,0.8598197573338795
GenX,PJMD,PJMD_offshorewind_class3_moderate_fixed_0_1,2050,debug_full_scenarios_wacc_5_no_ramp_cap/results_noCap_greg,1.1419866123032352
GenX,PJMD,PJMD_offshorewind_class3_moderate_fixed_0_2,2050,debug_full_scenarios_wacc_5_no_ramp_cap/results_noCap_greg,1.1605235746948233
GenX,PJMD,PJMD_offshorewind_class12_moderate_floating_0_1,2050,debug_full_scenarios_wacc_5_no_ramp_cap/results_noCap_greg,0.8844747920418079
GenX,PJMD,PJMD_offshorewind_class12_moderate_floating_0_2,2050,debug_full_scenarios_wacc_5_no_ramp_cap/results_noCap_greg,0.8949192839336247
GenX,PJME,PJME_solar_photovoltaic_1,2050,debug_full_scenarios_wacc_5_no_ramp_cap/results_noCap_greg,1.1239741271731067
GenX,PJME,PJME_distributed_generation_1,2050,debug_full_scenarios_wacc_5_no_ramp_cap/results_noCap_greg,1.4076526858761846
GenX,PJME,PJME_landbasedwind_class3_moderate_1,2050,debug_full_scenarios_wacc_5_no_ramp_cap/results_noCap_greg,2.592458996726963
GenX,PJME,PJME_landbasedwind_class3_moderate_2,2050,debug_full_scenarios_wacc_5_no_ramp_cap/results_noCap_greg,1.925218866526324
GenX,PJME,PJME_utilitypv_class1_moderate_1,2050,debug_full_scenarios_wacc_5_no_ramp_cap/results_noCap_greg,1.6577810618032156
GenX,PJME,PJME_utilitypv_class1_moderate_2,2050,debug_full_scenarios_wacc_5_no_ramp_cap/results_noCap_greg,1.2461252159973584
GenX,PJME,PJME_offshorewind_class3_moderate_fixed_1_1,2050,debug_full_scenarios_wacc_5_no_ramp_cap/results_noCap_greg,1.367424511657553
GenX,PJME,PJME_offshorewind_class3_moderate_fixed_1_2,2050,debug_full_scenarios_wacc_5_no_ramp_cap/results_noCap_greg,1.266701270751736
GenX,PJME,PJME_offshorewind_class3_moderate_fixed_0_1,2050,debug_full_scenarios_wacc_5_no_ramp_cap/results_noCap_greg,1.3389917452043814
GenX,PJME,PJME_offshorewind_class3_moderate_fixed_0_2,2050,debug_full_scenarios_wacc_5_no_ramp_cap/results_noCap_greg,1.1775501971989562
GenX,PJME,PJME_offshorewind_class12_moderate_floating_1_1,2050,debug_full_scenarios_wacc_5_no_ramp_cap/results_noCap_greg,0.9391134295684144
GenX,PJME,PJME_offshorewind_class12_moderate_floating_1_2,2050,debug_full_scenarios_wacc_5_no_ramp_cap/results_noCap_greg,0.9362926254586256
GenX,PJME,PJME_offshorewind_class12_moderate_floating_0_1,2050,debug_full_scenarios_wacc_5_no_ramp_cap/results_noCap_greg,1.0326514937344378
GenX,PJME,PJME_offshorewind_class12_moderate_floating_0_2,2050,debug_full_scenarios_wacc_5_no_ramp_cap/results_noCap_greg,0.9543512303575497
GenX,PJMW,PJMW_onshore_wind_turbine_1,2050,debug_full_scenarios_wacc_5_no_ramp_cap/results_noCap_greg,2.038670285157957
GenX,PJMW,PJMW_solar_photovoltaic_1,2050,debug_full_scenarios_wacc_5_no_ramp_cap/results_noCap_greg,0.80254609546848
GenX,PJMW,PJMW_distributed_generation_1,2050,debug_full_scenarios_wacc_5_no_ramp_cap/results_noCap_greg,0.9227249795212328
GenX,PJMW,PJMW_landbasedwind_class3_moderate_1,2050,debug_full_scenarios_wacc_5_no_ramp_cap/results_noCap_greg,3.15498954063434
GenX,PJMW,PJMW_landbasedwind_class3_moderate_2,2050,debug_full_scenarios_wacc_5_no_ramp_cap/results_noCap_greg,2.4173852196709884
GenX,PJMW,PJMW_utilitypv_class1_moderate_1,2050,debug_full_scenarios_wacc_5_no_ramp_cap/results_noCap_greg,1.6413783651121234
GenX,PJMW,PJMW_utilitypv_class1_moderate_2,2050,debug_full_scenarios_wacc_5_no_ramp_cap/results_noCap_greg,1.3189351308686907
GenX,RMRG,RMRG_onshore_wind_turbine_1,2050,debug_full_scenarios_wacc_5_no_ramp_cap/results_noCap_greg,76713.46040060947
GenX,RMRG,RMRG_solar_photovoltaic_1,2050,debug_full_scenarios_wacc_5_no_ramp_cap/results_noCap_greg,5055.307544943672
GenX,RMRG,RMRG_distributed_generation_1,2050,debug_full_scenarios_wacc_5_no_ramp_cap/results_noCap_greg,3237.85918660653
GenX,RMRG,RMRG_landbasedwind_class3_moderate_1,2050,debug_full_scenarios_wacc_5_no_ramp_cap/results_noCap_greg,70485.87921545301
GenX,RMRG,RMRG_landbasedwind_class3_moderate_2,2050,debug_full_scenarios_wacc_5_no_ramp_cap/results_noCap_greg,2.42718518842381
GenX,RMRG,RMRG_utilitypv_class1_moderate_1,2050,debug_full_scenarios_wacc_5_no_ramp_cap/results_noCap_greg,5032.733098716742
GenX,RMRG,RMRG_utilitypv_class1_moderate_2,2050,debug_full_scenarios_wacc_5_no_ramp_cap/results_noCap_greg,0.6225945440936171
GenX,SPPC,SPPC_onshore_wind_turbine_1,2050,debug_full_scenarios_wacc_5_no_ramp_cap/results_noCap_greg,95799.07743596856
GenX,SPPC,SPPC_solar_photovoltaic_1,2050,debug_full_scenarios_wacc_5_no_ramp_cap/results_noCap_greg,2550.1876761021103
GenX,SPPC,SPPC_distributed_generation_1,2050,debug_full_scenarios_wacc_5_no_ramp_cap/results_noCap_greg,28542.980130333613
GenX,SPPC,SPPC_landbasedwind_class3_moderate_1,2050,debug_full_scenarios_wacc_5_no_ramp_cap/results_noCap_greg,226529.302316756
GenX,SPPC,SPPC_landbasedwind_class3_moderate_2,2050,debug_full_scenarios_wacc_5_no_ramp_cap/results_noCap_greg,5.048143629076338
GenX,SPPC,SPPC_utilitypv_class1_moderate_1,2050,debug_full_scenarios_wacc_5_no_ramp_cap/results_noCap_greg,45088.54875159226
GenX,SPPC,SPPC_utilitypv_class1_moderate_2,2050,debug_full_scenarios_wacc_5_no_ramp_cap/results_noCap_greg,1.084742196210639
GenX,SPPN,SPPN_onshore_wind_turbine_1,2050,debug_full_scenarios_wacc_5_no_ramp_cap/results_noCap_greg,50702.77606742182
GenX,SPPN,SPPN_solar_photovoltaic_1,2050,debug_full_scenarios_wacc_5_no_ramp_cap/results_noCap_greg,4948.474381701211
GenX,SPPN,SPPN_distributed_generation_1,2050,debug_full_scenarios_wacc_5_no_ramp_cap/results_noCap_greg,4107.071099821776
GenX,SPPN,SPPN_landbasedwind_class3_moderate_1,2050,debug_full_scenarios_wacc_5_no_ramp_cap/results_noCap_greg,94320.65535331472
GenX,SPPN,SPPN_landbasedwind_class3_moderate_2,2050,debug_full_scenarios_wacc_5_no_ramp_cap/results_noCap_greg,3.4152192914241737
GenX,SPPN,SPPN_utilitypv_class1_moderate_1,2050,debug_full_scenarios_wacc_5_no_ramp_cap/results_noCap_greg,11287.98810266236
GenX,SPPN,SPPN_utilitypv_class1_moderate_2,2050,debug_full_scenarios_wacc_5_no_ramp_cap/results_noCap_greg,0.7249929432927742
GenX,SPPS,SPPS_onshore_wind_turbine_1,2050,debug_full_scenarios_wacc_5_no_ramp_cap/results_noCap_greg,751476.3011627526
GenX,SPPS,SPPS_solar_photovoltaic_1,2050,debug_full_scenarios_wacc_5_no_ramp_cap/results_noCap_greg,18768.893574177582
GenX,SPPS,SPPS_distributed_generation_1,2050,debug_full_scenarios_wacc_5_no_ramp_cap/results_noCap_greg,300820.32744065206
GenX,SPPS,SPPS_landbasedwind_class3_moderate_1,2050,debug_full_scenarios_wacc_5_no_ramp_cap/results_noCap_greg,2822881.2718126387
GenX,SPPS,SPPS_landbasedwind_class3_moderate_2,2050,debug_full_scenarios_wacc_5_no_ramp_cap/results_noCap_greg,6.662367393067706
GenX,SPPS,SPPS_utilitypv_class1_moderate_1,2050,debug_full_scenarios_wacc_5_no_ramp_cap/results_noCap_greg,599366.6476377788
GenX,SPPS,SPPS_utilitypv_class1_moderate_2,2050,debug_full_scenarios_wacc_5_no_ramp_cap/results_noCap_greg,1.3228907909383494
GenX,SRCA,SRCA_solar_photovoltaic_1,2050,debug_full_scenarios_wacc_5_no_ramp_cap/results_noCap_greg,1.1146360172219552
GenX,SRCA,SRCA_distributed_generation_1,2050,debug_full_scenarios_wacc_5_no_ramp_cap/results_noCap_greg,1.207179562906703
GenX,SRCA,SRCA_landbasedwind_class3_moderate_1,2050,debug_full_scenarios_wacc_5_no_ramp_cap/results_noCap_greg,2.185627924333029
GenX,SRCA,SRCA_landbasedwind_class3_moderate_2,2050,debug_full_scenarios_wacc_5_no_ramp_cap/results_noCap_greg,1.5446863544366978
GenX,SRCA,SRCA_utilitypv_class1_moderate_1,2050,debug_full_scenarios_wacc_5_no_ramp_cap/results_noCap_greg,1.7573699514806596
GenX,SRCA,SRCA_utilitypv_class1_moderate_2,2050,debug_full_scenarios_wacc_5_no_ramp_cap/results_noCap_greg,1.3549114969752485
GenX,SRCA,SRCA_offshorewind_class3_moderate_fixed_1_1,2050,debug_full_scenarios_wacc_5_no_ramp_cap/results_noCap_greg,0.8921164783292466
GenX,SRCA,SRCA_offshorewind_class3_moderate_fixed_1_2,2050,debug_full_scenarios_wacc_5_no_ramp_cap/results_noCap_greg,0.8591607900520312
GenX,SRCA,SRCA_offshorewind_class3_moderate_fixed_0_1,2050,debug_full_scenarios_wacc_5_no_ramp_cap/results_noCap_greg,1.075005442799117
GenX,SRCA,SRCA_offshorewind_class3_moderate_fixed_0_2,2050,debug_full_scenarios_wacc_5_no_ramp_cap/results_noCap_greg,0.9964104890894692
GenX,SRCA,SRCA_offshorewind_class12_moderate_floating_0_1,2050,debug_full_scenarios_wacc_5_no_ramp_cap/results_noCap_greg,0.8123094185992885
GenX,SRCA,SRCA_offshorewind_class12_moderate_floating_0_2,2050,debug_full_scenarios_wacc_5_no_ramp_cap/results_noCap_greg,0.841768164450597
GenX,SRCE,SRCE_solar_photovoltaic_1,2050,debug_full_scenarios_wacc_5_no_ramp_cap/results_noCap_greg,1.1265715019896947
GenX,SRCE,SRCE_distributed_generation_1,2050,debug_full_scenarios_wacc_5_no_ramp_cap/results_noCap_greg,1.2816444008412926
GenX,SRCE,SRCE_landbasedwind_class3_moderate_1,2050,debug_full_scenarios_wacc_5_no_ramp_cap/results_noCap_greg,3.183252189731309
GenX,SRCE,SRCE_landbasedwind_class3_moderate_2,2050,debug_full_scenarios_wacc_5_no_ramp_cap/results_noCap_greg,2.5741779965117764
GenX,SRCE,SRCE_utilitypv_class1_moderate_1,2050,debug_full_scenarios_wacc_5_no_ramp_cap/results_noCap_greg,1.288130493354307
GenX,SRCE,SRCE_utilitypv_class1_moderate_2,2050,debug_full_scenarios_wacc_5_no_ramp_cap/results_noCap_greg,0.7751019969599041
GenX,SRSE,SRSE_solar_photovoltaic_1,2050,debug_full_scenarios_wacc_5_no_ramp_cap/results_noCap_greg,1.205458477624199
GenX,SRSE,SRSE_distributed_generation_1,2050,debug_full_scenarios_wacc_5_no_ramp_cap/results_noCap_greg,1.1418712164587916
GenX,SRSE,SRSE_landbasedwind_class3_moderate_1,2050,debug_full_scenarios_wacc_5_no_ramp_cap/results_noCap_greg,2.0350079598194286
GenX,SRSE,SRSE_landbasedwind_class3_moderate_2,2050,debug_full_scenarios_wacc_5_no_ramp_cap/results_noCap_greg,1.6580684207070853
GenX,SRSE,SRSE_utilitypv_class1_moderate_1,2050,debug_full_scenarios_wacc_5_no_ramp_cap/results_noCap_greg,1.4730887451068626
GenX,SRSE,SRSE_utilitypv_class1_moderate_2,2050,debug_full_scenarios_wacc_5_no_ramp_cap/results_noCap_greg,0.8056855408322373
GenX,SRSE,SRSE_offshorewind_class3_moderate_fixed_0_1,2050,debug_full_scenarios_wacc_5_no_ramp_cap/results_noCap_greg,0.7167324092755619
GenX,SRSE,SRSE_offshorewind_class3_moderate_fixed_0_2,2050,debug_full_scenarios_wacc_5_no_ramp_cap/results_noCap_greg,0.657914582378605
GenX,SRSG,SRSG_onshore_wind_turbine_1,2050,debug_full_scenarios_wacc_5_no_ramp_cap/results_noCap_greg,24434.50148009624
GenX,SRSG,SRSG_solar_photovoltaic_1,2050,debug_full_scenarios_wacc_5_no_ramp_cap/results_noCap_greg,16112.174136849815
GenX,SRSG,SRSG_distributed_generation_1,2050,debug_full_scenarios_wacc_5_no_ramp_cap/results_noCap_greg,15095.56723389248
GenX,SRSG,SRSG_landbasedwind_class3_moderate_1,2050,debug_full_scenarios_wacc_5_no_ramp_cap/results_noCap_greg,2.566011519648606
GenX,SRSG,SRSG_landbasedwind_class3_moderate_2,2050,debug_full_scenarios_wacc_5_no_ramp_cap/results_noCap_greg,1.7117446934888465
GenX,SRSG,SRSG_utilitypv_class1_moderate_1,2050,debug_full_scenarios_wacc_5_no_ramp_cap/results_noCap_greg,36364.08955611874
GenX,SRSG,SRSG_utilitypv_class1_moderate_2,2050,debug_full_scenarios_wacc_5_no_ramp_cap/results_noCap_greg,0.8153634274670304
GenX,TRE,TRE_onshore_wind_turbine_1,2050,debug_full_scenarios_wacc_5_no_ramp_cap/results_noCap_greg,927309.4988478118
GenX,TRE,TRE_solar_photovoltaic_1,2050,debug_full_scenarios_wacc_5_no_ramp_cap/results_noCap_greg,246419.98514864617
GenX,TRE,TRE_distributed_generation_1,2050,debug_full_scenarios_wacc_5_no_ramp_cap/results_noCap_greg,403925.4894143928
GenX,TRE,TRE_landbasedwind_class3_moderate_1,2050,debug_full_scenarios_wacc_5_no_ramp_cap/results_noCap_greg,6970259.424694026
GenX,TRE,TRE_landbasedwind_class3_moderate_2,2050,debug_full_scenarios_wacc_5_no_ramp_cap/results_noCap_greg,6.883032816417043
GenX,TRE,TRE_utilitypv_class1_moderate_1,2050,debug_full_scenarios_wacc_5_no_ramp_cap/results_noCap_greg,571099.4003847352
GenX,TRE,TRE_utilitypv_class1_moderate_2,2050,debug_full_scenarios_wacc_5_no_ramp_cap/results_noCap_greg,1.1710708585346594
GenX,TRE,TRE_offshorewind_class3_moderate_fixed_0_1,2050,debug_full_scenarios_wacc_5_no_ramp_cap/results_noCap_greg,1.220526943129314
GenX,TRE,TRE_offshorewind_class3_moderate_fixed_0_2,2050,debug_full_scenarios_wacc_5_no_ramp_cap/results_noCap_greg,1.0755566573443027
GenX,TRE,TRE_offshorewind_class12_moderate_floating_0_1,2050,debug_full_scenarios_wacc_5_no_ramp_cap/results_noCap_greg,0.9922614528282222
GenX,TRE,TRE_offshorewind_class12_moderate_floating_0_2,2050,debug_full_scenarios_wacc_5_no_ramp_cap/results_noCap_greg,0.8996623145464003
GenX,TRE_WEST,TRE_WEST_onshore_wind_turbine_1,2050,debug_full_scenarios_wacc_5_no_ramp_cap/results_noCap_greg,1415425.5005591337
GenX,TRE_WEST,TRE_WEST_solar_photovoltaic_1,2050,debug_full_scenarios_wacc_5_no_ramp_cap/results_noCap_greg,735301.7538057986
GenX,TRE_WEST,TRE_WEST_distributed_generation_1,2050,debug_full_scenarios_wacc_5_no_ramp_cap/results_noCap_greg,73894.74160076662
GenX,TRE_WEST,TRE_WEST_landbasedwind_class3_moderate_1,2050,debug_full_scenarios_wacc_5_no_ramp_cap/results_noCap_greg,12.342738972473342
GenX,TRE_WEST,TRE_WEST_landbasedwind_class3_moderate_2,2050,debug_full_scenarios_wacc_5_no_ramp_cap/results_noCap_greg,3.9974685380765353
GenX,TRE_WEST,TRE_WEST_utilitypv_class1_moderate_1,2050,debug_full_scenarios_wacc_5_no_ramp_cap/results_noCap_greg,422485.3435518063
GenX,TRE_WEST,TRE_WEST_utilitypv_class1_moderate_2,2050,debug_full_scenarios_wacc_5_no_ramp_cap/results_noCap_greg,1.2775028408145648
